configuration,guidance_scale,strength,samples,approved,approval_rate,minimum_phase_response,maximum_phase_shift_pixels,mean_minimum_target_ncc,minimum_target_ncc,minimum_target_edge_ratio,maximum_target_edge_ratio,polarity_pass_rate,mean_absolute_source_difference_255,minimum_absolute_source_difference_255,maximum_absolute_source_difference_255,exact_pixel_copies
strength_0.30_cfg_1.0,1.0,0.3,12,12,1.0,0.4695337854209356,0.14851698186915419,0.8344678084055582,0.7123768925666809,0.7176402807235718,1.3283294439315796,1.0,15.384265475802954,7.3860015869140625,31.069676717122395,0
strength_0.30_cfg_2.0,2.0,0.3,12,12,1.0,0.44725146249402314,0.1662323624043639,0.8095972637335459,0.6579424738883972,0.7444700598716736,1.374230146408081,1.0,17.302523295084637,9.509597778320312,32.272359212239586,0
strength_0.30_cfg_3.0,3.0,0.3,12,12,1.0,0.3917519709793851,0.16988867347756983,0.7765737722317377,0.5868592858314514,0.7828344106674194,1.4060091972351074,1.0,20.175970713297527,12.999348958333334,33.98485310872396,0
strength_0.30_cfg_5.0,5.0,0.3,12,12,1.0,0.2954179613152519,0.15625209468641918,0.7226762175559998,0.6221850514411926,0.708114504814148,1.602471113204956,1.0,28.5069202846951,22.4033203125,38.85356648763021,0
strength_0.45_cfg_1.0,1.0,0.45,12,12,1.0,0.28570285195019096,0.2548015593338523,0.7172805517911911,0.5180719494819641,0.5849936008453369,1.4743359088897705,1.0,18.572800106472442,9.452560424804688,37.149261474609375,0
strength_0.45_cfg_2.0,2.0,0.45,12,12,1.0,0.2609472133772215,0.27407321138282503,0.672331395248572,0.460220068693161,0.6245222687721252,1.5896539688110352,1.0,21.411211225721573,12.769444783528646,38.49663289388021,0
strength_0.45_cfg_3.0,3.0,0.45,12,12,1.0,0.21176599827595055,0.3277758947618234,0.6264315197865168,0.44594240188598633,0.6444399952888489,1.6328318119049072,1.0,26.336685604519314,19.351531982421875,40.379547119140625,0
strength_0.45_cfg_5.0,5.0,0.45,12,12,1.0,0.13414285867474973,0.5035220130434656,0.5192287837465605,0.3929743468761444,0.652987003326416,1.6945549249649048,1.0,40.72192170884874,32.74551900227865,48.08007303873698,0
strength_0.60_cfg_1.0,1.0,0.6,12,11,0.9166666666666666,0.1271601893240586,0.6650386047267043,0.5489645848671595,0.33211660385131836,0.5401695966720581,1.5005441904067993,0.9166666666666666,21.960432264539932,12.226272583007812,40.87944030761719,0
strength_0.60_cfg_2.0,2.0,0.6,12,11,0.9166666666666666,0.12669923284556717,0.6511163618180859,0.49693049242099124,0.38816097378730774,0.5089613199234009,1.6608818769454956,0.9166666666666666,25.925781250000004,17.0040283203125,42.12871805826823,0
strength_0.60_cfg_3.0,3.0,0.6,12,11,0.9166666666666666,0.05585120490286499,9.596623618764083,0.45751195400953293,0.35866570472717285,0.49761807918548584,1.6867671012878418,1.0,33.13215679592557,26.635874430338543,44.20103454589844,0
strength_0.60_cfg_5.0,5.0,0.6,12,4,0.3333333333333333,-0.005333004693966359,80.78297305314376,0.3494516847034295,0.1762358695268631,0.46222713589668274,1.90323805809021,1.0,52.193384806315116,48.55058797200521,57.00894673665365,0
