configuration,image_id,class_name,sample_seed,guidance_scale,strength,candidate_image,approved,phase_response,phase_shift_pixels,minimum_target_ncc,minimum_target_edge_ratio,maximum_target_edge_ratio,target_contrast_polarity_ok,mean_absolute_source_difference_255,exact_pixel_copy,failed_gates
strength_0.30_cfg_1.0,000007,aircraft,42000,1.0,0.3,results/full/label_010_v1/diffusion_sampling_selection/candidates/strength_0.30_cfg_1.0/000007.png,True,0.624624453485012,0.12063698653416861,0.9068658351898193,1.0377501249313354,1.0377501249313354,True,12.390314737955729,False,
strength_0.30_cfg_1.0,000013,aircraft,42001,1.0,0.3,results/full/label_010_v1/diffusion_sampling_selection/candidates/strength_0.30_cfg_1.0/000013.png,True,0.7724326651077718,0.0880671252531549,0.8791497945785522,0.7176402807235718,0.7176402807235718,True,22.23577372233073,False,
strength_0.30_cfg_1.0,000026,aircraft,42002,1.0,0.3,results/full/label_010_v1/diffusion_sampling_selection/candidates/strength_0.30_cfg_1.0/000026.png,True,0.6587635480100289,0.077952825085594,0.8115736842155457,0.9237828254699707,0.9237828254699707,True,14.397059122721354,False,
strength_0.30_cfg_1.0,000058,aircraft,42003,1.0,0.3,results/full/label_010_v1/diffusion_sampling_selection/candidates/strength_0.30_cfg_1.0/000058.png,True,0.6655709237093106,0.09816889179441404,0.8868784308433533,1.1359590291976929,1.1359590291976929,True,13.983484903971354,False,
strength_0.30_cfg_1.0,000092,human,42004,1.0,0.3,results/full/label_010_v1/diffusion_sampling_selection/candidates/strength_0.30_cfg_1.0/000092.png,True,0.5639792113797739,0.031753869881571806,0.8678480982780457,0.915885329246521,0.915885329246521,True,14.876413981119791,False,
strength_0.30_cfg_1.0,000094,human,42005,1.0,0.3,results/full/label_010_v1/diffusion_sampling_selection/candidates/strength_0.30_cfg_1.0/000094.png,True,0.522338277369272,0.13159755401320575,0.7123768925666809,0.8565310835838318,0.8565310835838318,True,13.946680704752604,False,
strength_0.30_cfg_1.0,000100,human,42006,1.0,0.3,results/full/label_010_v1/diffusion_sampling_selection/candidates/strength_0.30_cfg_1.0/000100.png,True,0.4695337854209356,0.10963867896631514,0.8269293308258057,0.8409777283668518,0.8409777283668518,True,31.069676717122395,False,
strength_0.30_cfg_1.0,000114,human,42007,1.0,0.3,results/full/label_010_v1/diffusion_sampling_selection/candidates/strength_0.30_cfg_1.0/000114.png,True,0.5530718977679498,0.14851698186915419,0.854227602481842,0.9440007209777832,0.9440007209777832,True,14.989110310872396,False,
strength_0.30_cfg_1.0,000139,ship,42008,1.0,0.3,results/full/label_010_v1/diffusion_sampling_selection/candidates/strength_0.30_cfg_1.0/000139.png,True,0.668850691174157,0.06873646231105959,0.7996578812599182,0.9301352500915527,0.9301352500915527,True,10.766871134440104,False,
strength_0.30_cfg_1.0,000149,ship,42009,1.0,0.3,results/full/label_010_v1/diffusion_sampling_selection/candidates/strength_0.30_cfg_1.0/000149.png,True,0.6812445527175441,0.05868334621075959,0.7766502499580383,1.3283294439315796,1.3283294439315796,True,18.379430135091145,False,
strength_0.30_cfg_1.0,000154,ship,42010,1.0,0.3,results/full/label_010_v1/diffusion_sampling_selection/candidates/strength_0.30_cfg_1.0/000154.png,True,0.6060086666839197,0.06510050009951063,0.8598729968070984,0.7475152015686035,0.7475152015686035,True,10.19036865234375,False,
strength_0.30_cfg_1.0,000155,ship,42011,1.0,0.3,results/full/label_010_v1/diffusion_sampling_selection/candidates/strength_0.30_cfg_1.0/000155.png,True,0.6713795021642,0.07850765953829147,0.8315829038619995,0.9662995934486389,0.9662995934486389,True,7.3860015869140625,False,
strength_0.30_cfg_2.0,000007,aircraft,42000,2.0,0.3,results/full/label_010_v1/diffusion_sampling_selection/candidates/strength_0.30_cfg_2.0/000007.png,True,0.5673229432431981,0.08589926410660306,0.886001467704773,1.1349354982376099,1.1349354982376099,True,14.436319986979166,False,
strength_0.30_cfg_2.0,000013,aircraft,42001,2.0,0.3,results/full/label_010_v1/diffusion_sampling_selection/candidates/strength_0.30_cfg_2.0/000013.png,True,0.7427408775547519,0.043374088445585594,0.867520272731781,0.7444700598716736,0.7444700598716736,True,23.39252217610677,False,
strength_0.30_cfg_2.0,000026,aircraft,42002,2.0,0.3,results/full/label_010_v1/diffusion_sampling_selection/candidates/strength_0.30_cfg_2.0/000026.png,True,0.614371145144105,0.039453441814252456,0.7843056321144104,0.9838297367095947,0.9838297367095947,True,15.944966634114584,False,
strength_0.30_cfg_2.0,000058,aircraft,42003,2.0,0.3,results/full/label_010_v1/diffusion_sampling_selection/candidates/strength_0.30_cfg_2.0/000058.png,True,0.5734163237502798,0.08017448919795417,0.8539311289787292,1.2670636177062988,1.2670636177062988,True,15.657526652018229,False,
strength_0.30_cfg_2.0,000092,human,42004,2.0,0.3,results/full/label_010_v1/diffusion_sampling_selection/candidates/strength_0.30_cfg_2.0/000092.png,True,0.5264922026544809,0.028462685895294913,0.8522188663482666,0.9530467391014099,0.9530467391014099,True,17.574844360351562,False,
strength_0.30_cfg_2.0,000094,human,42005,2.0,0.3,results/full/label_010_v1/diffusion_sampling_selection/candidates/strength_0.30_cfg_2.0/000094.png,True,0.47672199428780004,0.1662323624043639,0.6579424738883972,0.8451296091079712,0.8451296091079712,True,16.828140258789062,False,
strength_0.30_cfg_2.0,000100,human,42006,2.0,0.3,results/full/label_010_v1/diffusion_sampling_selection/candidates/strength_0.30_cfg_2.0/000100.png,True,0.44725146249402314,0.05978984044187832,0.8075115084648132,0.8268885612487793,0.8268885612487793,True,32.272359212239586,False,
strength_0.30_cfg_2.0,000114,human,42007,2.0,0.3,results/full/label_010_v1/diffusion_sampling_selection/candidates/strength_0.30_cfg_2.0/000114.png,True,0.5100301197962835,0.14345363935336206,0.837063729763031,0.9562900066375732,0.9562900066375732,True,17.561940511067707,False,
strength_0.30_cfg_2.0,000139,ship,42008,2.0,0.3,results/full/label_010_v1/diffusion_sampling_selection/candidates/strength_0.30_cfg_2.0/000139.png,True,0.6190092160832137,0.05987134796856133,0.7707769274711609,0.9970567226409912,0.9970567226409912,True,12.760187784830729,False,
strength_0.30_cfg_2.0,000149,ship,42009,2.0,0.3,results/full/label_010_v1/diffusion_sampling_selection/candidates/strength_0.30_cfg_2.0/000149.png,True,0.6725747258169577,0.04876822996915988,0.7627919316291809,1.374230146408081,1.374230146408081,True,19.771158854166668,False,
strength_0.30_cfg_2.0,000154,ship,42010,2.0,0.3,results/full/label_010_v1/diffusion_sampling_selection/candidates/strength_0.30_cfg_2.0/000154.png,True,0.5426371631911024,0.07986778209342847,0.8283644914627075,0.8060302138328552,0.8060302138328552,True,11.92071533203125,False,
strength_0.30_cfg_2.0,000155,ship,42011,2.0,0.3,results/full/label_010_v1/diffusion_sampling_selection/candidates/strength_0.30_cfg_2.0/000155.png,True,0.6280177203007042,0.050031961718677895,0.8067387342453003,1.023354411125183,1.023354411125183,True,9.509597778320312,False,
strength_0.30_cfg_3.0,000007,aircraft,42000,3.0,0.3,results/full/label_010_v1/diffusion_sampling_selection/candidates/strength_0.30_cfg_3.0/000007.png,True,0.5015619235346094,0.07535447940685132,0.858418345451355,1.261143684387207,1.261143684387207,True,17.450327555338543,False,
strength_0.30_cfg_3.0,000013,aircraft,42001,3.0,0.3,results/full/label_010_v1/diffusion_sampling_selection/candidates/strength_0.30_cfg_3.0/000013.png,True,0.7008486271370202,0.042320813326191004,0.8500291109085083,0.7828344106674194,0.7828344106674194,True,25.077804565429688,False,
strength_0.30_cfg_3.0,000026,aircraft,42002,3.0,0.3,results/full/label_010_v1/diffusion_sampling_selection/candidates/strength_0.30_cfg_3.0/000026.png,True,0.548638270702213,0.04793647692694401,0.7477876543998718,1.051215648651123,1.051215648651123,True,18.498270670572918,False,
strength_0.30_cfg_3.0,000058,aircraft,42003,3.0,0.3,results/full/label_010_v1/diffusion_sampling_selection/candidates/strength_0.30_cfg_3.0/000058.png,True,0.5062693806830794,0.08719909350061075,0.812709629535675,1.3905584812164307,1.3905584812164307,True,17.896286010742188,False,
strength_0.30_cfg_3.0,000092,human,42004,3.0,0.3,results/full/label_010_v1/diffusion_sampling_selection/candidates/strength_0.30_cfg_3.0/000092.png,True,0.44580094527918845,0.07659527356055876,0.8321521878242493,0.9156628251075745,0.9156628251075745,True,21.69562276204427,False,
strength_0.30_cfg_3.0,000094,human,42005,3.0,0.3,results/full/label_010_v1/diffusion_sampling_selection/candidates/strength_0.30_cfg_3.0/000094.png,True,0.3917519709793851,0.16988867347756983,0.5868592858314514,0.8317717909812927,0.8317717909812927,True,21.048319498697918,False,
strength_0.30_cfg_3.0,000100,human,42006,3.0,0.3,results/full/label_010_v1/diffusion_sampling_selection/candidates/strength_0.30_cfg_3.0/000100.png,True,0.4043980095302686,0.041734173212302925,0.7799041271209717,0.7985274195671082,0.7985274195671082,True,33.98485310872396,False,
strength_0.30_cfg_3.0,000114,human,42007,3.0,0.3,results/full/label_010_v1/diffusion_sampling_selection/candidates/strength_0.30_cfg_3.0/000114.png,True,0.44815696123987436,0.14059368017872284,0.8202318549156189,0.9118897318840027,0.9118897318840027,True,21.187601725260418,False,
strength_0.30_cfg_3.0,000139,ship,42008,3.0,0.3,results/full/label_010_v1/diffusion_sampling_selection/candidates/strength_0.30_cfg_3.0/000139.png,True,0.541657236055471,0.08879595328218509,0.7377945184707642,1.0454070568084717,1.0454070568084717,True,15.671173095703125,False,
strength_0.30_cfg_3.0,000149,ship,42009,3.0,0.3,results/full/label_010_v1/diffusion_sampling_selection/candidates/strength_0.30_cfg_3.0/000149.png,True,0.6393670175457373,0.03904549117240769,0.7404482960700989,1.4060091972351074,1.4060091972351074,True,21.910964965820312,False,
strength_0.30_cfg_3.0,000154,ship,42010,3.0,0.3,results/full/label_010_v1/diffusion_sampling_selection/candidates/strength_0.30_cfg_3.0/000154.png,True,0.4663760408293456,0.04437754784450788,0.783342182636261,0.9728196263313293,0.9728196263313293,True,14.691075642903646,False,
strength_0.30_cfg_3.0,000155,ship,42011,3.0,0.3,results/full/label_010_v1/diffusion_sampling_selection/candidates/strength_0.30_cfg_3.0/000155.png,True,0.535524578532204,0.0774630705024154,0.7692080736160278,1.1137999296188354,1.1137999296188354,True,12.999348958333334,False,
strength_0.30_cfg_5.0,000007,aircraft,42000,5.0,0.3,results/full/label_010_v1/diffusion_sampling_selection/candidates/strength_0.30_cfg_5.0/000007.png,True,0.37809197464957833,0.13161721999875187,0.8008648157119751,1.439296007156372,1.439296007156372,True,26.690811157226562,False,
strength_0.30_cfg_5.0,000013,aircraft,42001,5.0,0.3,results/full/label_010_v1/diffusion_sampling_selection/candidates/strength_0.30_cfg_5.0/000013.png,True,0.5655217187013477,0.07081946012304004,0.7811219096183777,0.8944568634033203,0.8944568634033203,True,30.73876953125,False,
strength_0.30_cfg_5.0,000026,aircraft,42002,5.0,0.3,results/full/label_010_v1/diffusion_sampling_selection/candidates/strength_0.30_cfg_5.0/000026.png,True,0.4447821384528652,0.15625209468641918,0.6975440382957458,1.1897259950637817,1.1897259950637817,True,26.769755045572918,False,
strength_0.30_cfg_5.0,000058,aircraft,42003,5.0,0.3,results/full/label_010_v1/diffusion_sampling_selection/candidates/strength_0.30_cfg_5.0/000058.png,True,0.4040169301442802,0.05506692245829404,0.7249205112457275,1.602471113204956,1.602471113204956,True,25.296732584635418,False,
strength_0.30_cfg_5.0,000092,human,42004,5.0,0.3,results/full/label_010_v1/diffusion_sampling_selection/candidates/strength_0.30_cfg_5.0/000092.png,True,0.3103797782678157,0.07750927801549412,0.7859286069869995,0.7759823799133301,0.7759823799133301,True,32.70826212565104,False,
strength_0.30_cfg_5.0,000094,human,42005,5.0,0.3,results/full/label_010_v1/diffusion_sampling_selection/candidates/strength_0.30_cfg_5.0/000094.png,True,0.2954179613152519,0.10716124762570335,0.6221850514411926,1.0322701930999756,1.0322701930999756,True,31.826924641927082,False,
strength_0.30_cfg_5.0,000100,human,42006,5.0,0.3,results/full/label_010_v1/diffusion_sampling_selection/candidates/strength_0.30_cfg_5.0/000100.png,True,0.3479766621021554,0.1449543773236139,0.7169873714447021,0.708114504814148,0.708114504814148,True,38.85356648763021,False,
strength_0.30_cfg_5.0,000114,human,42007,5.0,0.3,results/full/label_010_v1/diffusion_sampling_selection/candidates/strength_0.30_cfg_5.0/000114.png,True,0.3337582935637329,0.07820745524649182,0.7732534408569336,0.7311696410179138,0.7311696410179138,True,32.02835591634115,False,
strength_0.30_cfg_5.0,000139,ship,42008,5.0,0.3,results/full/label_010_v1/diffusion_sampling_selection/candidates/strength_0.30_cfg_5.0/000139.png,True,0.35926747031044215,0.08273985033843057,0.6848663091659546,1.063593864440918,1.063593864440918,True,23.603917439778645,False,
strength_0.30_cfg_5.0,000149,ship,42009,5.0,0.3,results/full/label_010_v1/diffusion_sampling_selection/candidates/strength_0.30_cfg_5.0/000149.png,True,0.5165888778865337,0.07113507312733071,0.6908878087997437,1.3748061656951904,1.3748061656951904,True,28.27740478515625,False,
strength_0.30_cfg_5.0,000154,ship,42010,5.0,0.3,results/full/label_010_v1/diffusion_sampling_selection/candidates/strength_0.30_cfg_5.0/000154.png,True,0.3681576403323561,0.09278952715838773,0.7029438018798828,1.261602759361267,1.261602759361267,True,22.4033203125,False,
strength_0.30_cfg_5.0,000155,ship,42011,5.0,0.3,results/full/label_010_v1/diffusion_sampling_selection/candidates/strength_0.30_cfg_5.0/000155.png,True,0.36983244062867016,0.15571214441931033,0.690610945224762,1.2318475246429443,1.2318475246429443,True,22.885223388671875,False,
strength_0.45_cfg_1.0,000007,aircraft,42000,1.0,0.45,results/full/label_010_v1/diffusion_sampling_selection/candidates/strength_0.45_cfg_1.0/000007.png,True,0.43531592981889844,0.18964615838251128,0.858166515827179,1.0227913856506348,1.0227913856506348,True,15.295013427734375,False,
strength_0.45_cfg_1.0,000013,aircraft,42001,1.0,0.45,results/full/label_010_v1/diffusion_sampling_selection/candidates/strength_0.45_cfg_1.0/000013.png,True,0.5646839626133442,0.08660967610185157,0.792889416217804,0.6396663188934326,0.6396663188934326,True,26.793121337890625,False,
strength_0.45_cfg_1.0,000026,aircraft,42002,1.0,0.45,results/full/label_010_v1/diffusion_sampling_selection/candidates/strength_0.45_cfg_1.0/000026.png,True,0.45331805816385895,0.013796349197768275,0.7071833610534668,0.8805233240127563,0.8805233240127563,True,17.294321695963543,False,
strength_0.45_cfg_1.0,000058,aircraft,42003,1.0,0.45,results/full/label_010_v1/diffusion_sampling_selection/candidates/strength_0.45_cfg_1.0/000058.png,True,0.42804976168554276,0.18406856084602424,0.8177965879440308,1.1109871864318848,1.1109871864318848,True,17.07941182454427,False,
strength_0.45_cfg_1.0,000092,human,42004,1.0,0.45,results/full/label_010_v1/diffusion_sampling_selection/candidates/strength_0.45_cfg_1.0/000092.png,True,0.3917157776886597,0.014302040956081074,0.7436138391494751,0.8194074034690857,0.8194074034690857,True,17.385955810546875,False,
strength_0.45_cfg_1.0,000094,human,42005,1.0,0.45,results/full/label_010_v1/diffusion_sampling_selection/candidates/strength_0.45_cfg_1.0/000094.png,True,0.30544775660382584,0.2548015593338523,0.5180719494819641,0.5849936008453369,0.5849936008453369,True,16.221934000651043,False,
strength_0.45_cfg_1.0,000100,human,42006,1.0,0.45,results/full/label_010_v1/diffusion_sampling_selection/candidates/strength_0.45_cfg_1.0/000100.png,True,0.28570285195019096,0.24409457696834247,0.6594485640525818,0.7362486124038696,0.7362486124038696,True,37.149261474609375,False,
strength_0.45_cfg_1.0,000114,human,42007,1.0,0.45,results/full/label_010_v1/diffusion_sampling_selection/candidates/strength_0.45_cfg_1.0/000114.png,True,0.3755078890826553,0.18088519122326008,0.7173026204109192,0.9007659554481506,0.9007659554481506,True,17.593673706054688,False,
strength_0.45_cfg_1.0,000139,ship,42008,1.0,0.45,results/full/label_010_v1/diffusion_sampling_selection/candidates/strength_0.45_cfg_1.0/000139.png,True,0.46354804828297347,0.12752213750514207,0.6763312220573425,0.8557898998260498,0.8557898998260498,True,12.977193196614584,False,
strength_0.45_cfg_1.0,000149,ship,42009,1.0,0.45,results/full/label_010_v1/diffusion_sampling_selection/candidates/strength_0.45_cfg_1.0/000149.png,True,0.4837932808732148,0.08344269259474364,0.6283720135688782,1.4743359088897705,1.4743359088897705,True,22.926747639973957,False,
strength_0.45_cfg_1.0,000154,ship,42010,1.0,0.45,results/full/label_010_v1/diffusion_sampling_selection/candidates/strength_0.45_cfg_1.0/000154.png,True,0.37045744410715997,0.10704403722063471,0.7777093052864075,0.689347505569458,0.689347505569458,True,12.70440673828125,False,
strength_0.45_cfg_1.0,000155,ship,42011,1.0,0.45,results/full/label_010_v1/diffusion_sampling_selection/candidates/strength_0.45_cfg_1.0/000155.png,True,0.4196486376458779,0.1937324436650086,0.7104812264442444,0.9039202332496643,0.9039202332496643,True,9.452560424804688,False,
strength_0.45_cfg_2.0,000007,aircraft,42000,2.0,0.45,results/full/label_010_v1/diffusion_sampling_selection/candidates/strength_0.45_cfg_2.0/000007.png,True,0.3316942418459803,0.17374161346636188,0.8136863112449646,1.1566135883331299,1.1566135883331299,True,18.170873006184895,False,
strength_0.45_cfg_2.0,000013,aircraft,42001,2.0,0.45,results/full/label_010_v1/diffusion_sampling_selection/candidates/strength_0.45_cfg_2.0/000013.png,True,0.5054195421980694,0.06364289649421148,0.7524324059486389,0.6935573816299438,0.6935573816299438,True,28.430623372395832,False,
strength_0.45_cfg_2.0,000026,aircraft,42002,2.0,0.45,results/full/label_010_v1/diffusion_sampling_selection/candidates/strength_0.45_cfg_2.0/000026.png,True,0.3706857730867341,0.0073076301082278415,0.6438320279121399,0.9556894898414612,0.9556894898414612,True,19.525797526041668,False,
strength_0.45_cfg_2.0,000058,aircraft,42003,2.0,0.45,results/full/label_010_v1/diffusion_sampling_selection/candidates/strength_0.45_cfg_2.0/000058.png,True,0.3279253270011395,0.17019623670103773,0.7564822435379028,1.2846802473068237,1.2846802473068237,True,19.752756754557293,False,
strength_0.45_cfg_2.0,000092,human,42004,2.0,0.45,results/full/label_010_v1/diffusion_sampling_selection/candidates/strength_0.45_cfg_2.0/000092.png,True,0.33585197117645293,0.09784704224491206,0.7158482670783997,0.8863925933837891,0.8863925933837891,True,21.221771240234375,False,
strength_0.45_cfg_2.0,000094,human,42005,2.0,0.45,results/full/label_010_v1/diffusion_sampling_selection/candidates/strength_0.45_cfg_2.0/000094.png,True,0.2658995485980995,0.27407321138282503,0.460220068693161,0.6245222687721252,0.6245222687721252,True,19.830800374348957,False,
strength_0.45_cfg_2.0,000100,human,42006,2.0,0.45,results/full/label_010_v1/diffusion_sampling_selection/candidates/strength_0.45_cfg_2.0/000100.png,True,0.2609472133772215,0.14849492998844427,0.6390709280967712,0.714599609375,0.714599609375,True,38.49663289388021,False,
strength_0.45_cfg_2.0,000114,human,42007,2.0,0.45,results/full/label_010_v1/diffusion_sampling_selection/candidates/strength_0.45_cfg_2.0/000114.png,True,0.320900714606978,0.13184978748567944,0.6893093585968018,0.93241286277771,0.93241286277771,True,21.385055541992188,False,
strength_0.45_cfg_2.0,000139,ship,42008,2.0,0.45,results/full/label_010_v1/diffusion_sampling_selection/candidates/strength_0.45_cfg_2.0/000139.png,True,0.37593157071387395,0.13421806694778804,0.6211456060409546,0.9697186350822449,0.9697186350822449,True,16.297993977864582,False,
strength_0.45_cfg_2.0,000149,ship,42009,2.0,0.45,results/full/label_010_v1/diffusion_sampling_selection/candidates/strength_0.45_cfg_2.0/000149.png,True,0.4735982525162399,0.08490892699115024,0.5993609428405762,1.5896539688110352,1.5896539688110352,True,25.781723022460938,False,
strength_0.45_cfg_2.0,000154,ship,42010,2.0,0.45,results/full/label_010_v1/diffusion_sampling_selection/candidates/strength_0.45_cfg_2.0/000154.png,True,0.29927829245571047,0.10779956678995758,0.7123478651046753,0.8803660869598389,0.8803660869598389,True,15.271062215169271,False,
strength_0.45_cfg_2.0,000155,ship,42011,2.0,0.45,results/full/label_010_v1/diffusion_sampling_selection/candidates/strength_0.45_cfg_2.0/000155.png,True,0.39818620966980234,0.13120747976736244,0.6642407178878784,1.0721521377563477,1.0721521377563477,True,12.769444783528646,False,
strength_0.45_cfg_3.0,000007,aircraft,42000,3.0,0.45,results/full/label_010_v1/diffusion_sampling_selection/candidates/strength_0.45_cfg_3.0/000007.png,True,0.2675877291476354,0.11598417847787278,0.7727485299110413,1.2832366228103638,1.2832366228103638,True,22.94982401529948,False,
strength_0.45_cfg_3.0,000013,aircraft,42001,3.0,0.45,results/full/label_010_v1/diffusion_sampling_selection/candidates/strength_0.45_cfg_3.0/000013.png,True,0.4169797860085964,0.08043488015908436,0.7106160521507263,0.7752404808998108,0.7752404808998108,True,31.082560221354168,False,
strength_0.45_cfg_3.0,000026,aircraft,42002,3.0,0.45,results/full/label_010_v1/diffusion_sampling_selection/candidates/strength_0.45_cfg_3.0/000026.png,True,0.28740511497016996,0.10132686322351842,0.5824145078659058,1.0138779878616333,1.0138779878616333,True,23.022186279296875,False,
strength_0.45_cfg_3.0,000058,aircraft,42003,3.0,0.45,results/full/label_010_v1/diffusion_sampling_selection/candidates/strength_0.45_cfg_3.0/000058.png,True,0.27337277319747955,0.16878411657763362,0.6627668142318726,1.501234531402588,1.501234531402588,True,23.72552490234375,False,
strength_0.45_cfg_3.0,000092,human,42004,3.0,0.45,results/full/label_010_v1/diffusion_sampling_selection/candidates/strength_0.45_cfg_3.0/000092.png,True,0.24523291806690395,0.22795127368018733,0.6940529942512512,0.8237743377685547,0.8237743377685547,True,28.60297139485677,False,
strength_0.45_cfg_3.0,000094,human,42005,3.0,0.45,results/full/label_010_v1/diffusion_sampling_selection/candidates/strength_0.45_cfg_3.0/000094.png,True,0.21176599827595055,0.3277758947618234,0.44594240188598633,0.6444399952888489,0.6444399952888489,True,25.702789306640625,False,
strength_0.45_cfg_3.0,000100,human,42006,3.0,0.45,results/full/label_010_v1/diffusion_sampling_selection/candidates/strength_0.45_cfg_3.0/000100.png,True,0.24285290989791974,0.05076837660334675,0.6177549958229065,0.6841984987258911,0.6841984987258911,True,40.379547119140625,False,
strength_0.45_cfg_3.0,000114,human,42007,3.0,0.45,results/full/label_010_v1/diffusion_sampling_selection/candidates/strength_0.45_cfg_3.0/000114.png,True,0.25381647353060544,0.04125596965312912,0.6668456792831421,0.8193031549453735,0.8193031549453735,True,29.135874430338543,False,
strength_0.45_cfg_3.0,000139,ship,42008,3.0,0.45,results/full/label_010_v1/diffusion_sampling_selection/candidates/strength_0.45_cfg_3.0/000139.png,True,0.28769796012784354,0.18295288161494155,0.5834032893180847,1.041943907737732,1.041943907737732,True,21.592142740885418,False,
strength_0.45_cfg_3.0,000149,ship,42009,3.0,0.45,results/full/label_010_v1/diffusion_sampling_selection/candidates/strength_0.45_cfg_3.0/000149.png,True,0.4267133850371465,0.08891594215188417,0.5595210194587708,1.6328318119049072,1.6328318119049072,True,29.971486409505207,False,
strength_0.45_cfg_3.0,000154,ship,42010,3.0,0.45,results/full/label_010_v1/diffusion_sampling_selection/candidates/strength_0.45_cfg_3.0/000154.png,True,0.21531886828597635,0.22445982738706385,0.6304162740707397,1.1857141256332397,1.1857141256332397,True,20.523788452148438,False,
strength_0.45_cfg_3.0,000155,ship,42011,3.0,0.45,results/full/label_010_v1/diffusion_sampling_selection/candidates/strength_0.45_cfg_3.0/000155.png,True,0.3063271602150053,0.12973677427898728,0.5906956791877747,1.2744938135147095,1.2744938135147095,True,19.351531982421875,False,
strength_0.45_cfg_5.0,000007,aircraft,42000,5.0,0.45,results/full/label_010_v1/diffusion_sampling_selection/candidates/strength_0.45_cfg_5.0/000007.png,True,0.1578690074966289,0.2223158876066904,0.621414840221405,1.4007306098937988,1.4007306098937988,True,40.34919230143229,False,
strength_0.45_cfg_5.0,000013,aircraft,42001,5.0,0.45,results/full/label_010_v1/diffusion_sampling_selection/candidates/strength_0.45_cfg_5.0/000013.png,True,0.2728567752055824,0.09467089415229024,0.5400618314743042,0.9900598526000977,0.9900598526000977,True,41.88959248860677,False,
strength_0.45_cfg_5.0,000026,aircraft,42002,5.0,0.45,results/full/label_010_v1/diffusion_sampling_selection/candidates/strength_0.45_cfg_5.0/000026.png,True,0.23615628096740693,0.1296724905229813,0.5600304007530212,1.1968722343444824,1.1968722343444824,True,38.847137451171875,False,
strength_0.45_cfg_5.0,000058,aircraft,42003,5.0,0.45,results/full/label_010_v1/diffusion_sampling_selection/candidates/strength_0.45_cfg_5.0/000058.png,True,0.19801663293037564,0.19268620959252047,0.5415851473808289,1.6945549249649048,1.6945549249649048,True,34.253519694010414,False,
strength_0.45_cfg_5.0,000092,human,42004,5.0,0.45,results/full/label_010_v1/diffusion_sampling_selection/candidates/strength_0.45_cfg_5.0/000092.png,True,0.18987074820324779,0.06695622091905663,0.5934966206550598,0.6568160057067871,0.6568160057067871,True,47.491943359375,False,
strength_0.45_cfg_5.0,000094,human,42005,5.0,0.45,results/full/label_010_v1/diffusion_sampling_selection/candidates/strength_0.45_cfg_5.0/000094.png,True,0.13414285867474973,0.5035220130434656,0.3929743468761444,0.7820444703102112,0.7820444703102112,True,42.59796651204427,False,
strength_0.45_cfg_5.0,000100,human,42006,5.0,0.45,results/full/label_010_v1/diffusion_sampling_selection/candidates/strength_0.45_cfg_5.0/000100.png,True,0.17321713839191943,0.2098806446583267,0.44594332575798035,0.652987003326416,0.652987003326416,True,46.98945109049479,False,
strength_0.45_cfg_5.0,000114,human,42007,5.0,0.45,results/full/label_010_v1/diffusion_sampling_selection/candidates/strength_0.45_cfg_5.0/000114.png,True,0.159360516583547,0.04147964441313989,0.5280347466468811,0.7310473322868347,0.7310473322868347,True,48.08007303873698,False,
strength_0.45_cfg_5.0,000139,ship,42008,5.0,0.45,results/full/label_010_v1/diffusion_sampling_selection/candidates/strength_0.45_cfg_5.0/000139.png,True,0.15915402449900284,0.22513772703031054,0.5407460331916809,1.0572762489318848,1.0572762489318848,True,38.0932362874349,False,
strength_0.45_cfg_5.0,000149,ship,42009,5.0,0.45,results/full/label_010_v1/diffusion_sampling_selection/candidates/strength_0.45_cfg_5.0/000149.png,True,0.3023454739013687,0.08787392292800164,0.494887113571167,1.543163776397705,1.543163776397705,True,40.006429036458336,False,
strength_0.45_cfg_5.0,000154,ship,42010,5.0,0.45,results/full/label_010_v1/diffusion_sampling_selection/candidates/strength_0.45_cfg_5.0/000154.png,True,0.1381123100873083,0.10419550603410793,0.5170565843582153,1.3172775506973267,1.3172775506973267,True,32.74551900227865,False,
strength_0.45_cfg_5.0,000155,ship,42011,5.0,0.45,results/full/label_010_v1/diffusion_sampling_selection/candidates/strength_0.45_cfg_5.0/000155.png,True,0.1663222261122428,0.02573955088755179,0.45451441407203674,1.4574337005615234,1.4574337005615234,True,37.319000244140625,False,
strength_0.60_cfg_1.0,000007,aircraft,42000,1.0,0.6,results/full/label_010_v1/diffusion_sampling_selection/candidates/strength_0.60_cfg_1.0/000007.png,True,0.24161049048416317,0.3430535747135822,0.7677788138389587,1.0463353395462036,1.0463353395462036,True,19.729888916015625,False,
strength_0.60_cfg_1.0,000013,aircraft,42001,1.0,0.6,results/full/label_010_v1/diffusion_sampling_selection/candidates/strength_0.60_cfg_1.0/000013.png,True,0.2771508804289624,0.1024360073633117,0.6541624665260315,0.5638794302940369,0.5638794302940369,True,31.394933064778645,False,
strength_0.60_cfg_1.0,000026,aircraft,42002,1.0,0.6,results/full/label_010_v1/diffusion_sampling_selection/candidates/strength_0.60_cfg_1.0/000026.png,True,0.2695195852429606,0.0896254035761448,0.5634545087814331,0.855950117111206,0.855950117111206,True,21.104141235351562,False,
strength_0.60_cfg_1.0,000058,aircraft,42003,1.0,0.6,results/full/label_010_v1/diffusion_sampling_selection/candidates/strength_0.60_cfg_1.0/000058.png,True,0.2198855101596564,0.34413064293483686,0.7283565998077393,1.0800707340240479,1.0800707340240479,True,21.615458170572918,False,
strength_0.60_cfg_1.0,000092,human,42004,1.0,0.6,results/full/label_010_v1/diffusion_sampling_selection/candidates/strength_0.60_cfg_1.0/000092.png,True,0.1998936926247552,0.13960202786127146,0.5012240409851074,0.6018344163894653,0.6018344163894653,True,19.722615559895832,False,
strength_0.60_cfg_1.0,000094,human,42005,1.0,0.6,results/full/label_010_v1/diffusion_sampling_selection/candidates/strength_0.60_cfg_1.0/000094.png,False,0.14756248795310967,0.6650386047267043,0.33211660385131836,0.5629919171333313,0.5629919171333313,False,18.636683146158855,False,target_contrast_polarity
strength_0.60_cfg_1.0,000100,human,42006,1.0,0.6,results/full/label_010_v1/diffusion_sampling_selection/candidates/strength_0.60_cfg_1.0/000100.png,True,0.1271601893240586,0.5075872805431911,0.3989948630332947,0.5401695966720581,0.5401695966720581,True,40.87944030761719,False,
strength_0.60_cfg_1.0,000114,human,42007,1.0,0.6,results/full/label_010_v1/diffusion_sampling_selection/candidates/strength_0.60_cfg_1.0/000114.png,True,0.19775769143598154,0.18291703035252002,0.4559324383735657,0.8083062171936035,0.8083062171936035,True,20.038116455078125,False,
strength_0.60_cfg_1.0,000139,ship,42008,1.0,0.6,results/full/label_010_v1/diffusion_sampling_selection/candidates/strength_0.60_cfg_1.0/000139.png,True,0.2814135387307033,0.22153871509502307,0.5167867541313171,0.7304750680923462,0.7304750680923462,True,15.639836629231771,False,
strength_0.60_cfg_1.0,000149,ship,42009,1.0,0.6,results/full/label_010_v1/diffusion_sampling_selection/candidates/strength_0.60_cfg_1.0/000149.png,True,0.30546007899101824,0.11724834938514565,0.4552786946296692,1.5005441904067993,1.5005441904067993,True,26.301422119140625,False,
strength_0.60_cfg_1.0,000154,ship,42010,1.0,0.6,results/full/label_010_v1/diffusion_sampling_selection/candidates/strength_0.60_cfg_1.0/000154.png,True,0.18768822529818863,0.1267329253010319,0.6709681749343872,0.6274927258491516,0.6274927258491516,True,16.236378987630207,False,
strength_0.60_cfg_1.0,000155,ship,42011,1.0,0.6,results/full/label_010_v1/diffusion_sampling_selection/candidates/strength_0.60_cfg_1.0/000155.png,True,0.20960897917393595,0.5845214138066068,0.542521059513092,0.7135303616523743,0.7135303616523743,True,12.226272583007812,False,
strength_0.60_cfg_2.0,000007,aircraft,42000,2.0,0.6,results/full/label_010_v1/diffusion_sampling_selection/candidates/strength_0.60_cfg_2.0/000007.png,True,0.17874775582458824,0.3056813517079835,0.7038599848747253,1.241631269454956,1.241631269454956,True,23.637542724609375,False,
strength_0.60_cfg_2.0,000013,aircraft,42001,2.0,0.6,results/full/label_010_v1/diffusion_sampling_selection/candidates/strength_0.60_cfg_2.0/000013.png,True,0.21223550930153579,0.0900272764283094,0.6151134371757507,0.6309078931808472,0.6309078931808472,True,33.37037658691406,False,
strength_0.60_cfg_2.0,000026,aircraft,42002,2.0,0.6,results/full/label_010_v1/diffusion_sampling_selection/candidates/strength_0.60_cfg_2.0/000026.png,True,0.20101290848106146,0.11929680263496818,0.47553178668022156,0.8947172164916992,0.8947172164916992,True,24.436386108398438,False,
strength_0.60_cfg_2.0,000058,aircraft,42003,2.0,0.6,results/full/label_010_v1/diffusion_sampling_selection/candidates/strength_0.60_cfg_2.0/000058.png,True,0.14628528244793415,0.41506288913959805,0.6148948669433594,1.3080095052719116,1.3080095052719116,True,26.083964029947918,False,
strength_0.60_cfg_2.0,000092,human,42004,2.0,0.6,results/full/label_010_v1/diffusion_sampling_selection/candidates/strength_0.60_cfg_2.0/000092.png,True,0.15796415880322456,0.2452793705386695,0.4417092502117157,0.7135263681411743,0.7135263681411743,True,24.828257242838543,False,
strength_0.60_cfg_2.0,000094,human,42005,2.0,0.6,results/full/label_010_v1/diffusion_sampling_selection/candidates/strength_0.60_cfg_2.0/000094.png,False,0.14393552648834884,0.6511163618180859,0.38816097378730774,0.5762234330177307,0.5762234330177307,False,22.895350138346355,False,target_contrast_polarity
strength_0.60_cfg_2.0,000100,human,42006,2.0,0.6,results/full/label_010_v1/diffusion_sampling_selection/candidates/strength_0.60_cfg_2.0/000100.png,True,0.12669923284556717,0.2626343192919554,0.3965402841567993,0.5089613199234009,0.5089613199234009,True,42.12871805826823,False,
strength_0.60_cfg_2.0,000114,human,42007,2.0,0.6,results/full/label_010_v1/diffusion_sampling_selection/candidates/strength_0.60_cfg_2.0/000114.png,True,0.1681514719966799,0.012038224533967497,0.43618306517601013,0.8661414980888367,0.8661414980888367,True,25.26495869954427,False,
strength_0.60_cfg_2.0,000139,ship,42008,2.0,0.6,results/full/label_010_v1/diffusion_sampling_selection/candidates/strength_0.60_cfg_2.0/000139.png,True,0.21197584725450724,0.3274925470704887,0.45047444105148315,0.8865500688552856,0.8865500688552856,True,20.668553670247395,False,
strength_0.60_cfg_2.0,000149,ship,42009,2.0,0.6,results/full/label_010_v1/diffusion_sampling_selection/candidates/strength_0.60_cfg_2.0/000149.png,True,0.2760068185161799,0.10858426485604827,0.4235977530479431,1.6608818769454956,1.6608818769454956,True,30.76666259765625,False,
strength_0.60_cfg_2.0,000154,ship,42010,2.0,0.6,results/full/label_010_v1/diffusion_sampling_selection/candidates/strength_0.60_cfg_2.0/000154.png,True,0.1463861551019363,0.11409505038645971,0.5966169834136963,0.8908399343490601,0.8908399343490601,True,20.024576822916668,False,
strength_0.60_cfg_2.0,000155,ship,42011,2.0,0.6,results/full/label_010_v1/diffusion_sampling_selection/candidates/strength_0.60_cfg_2.0/000155.png,True,0.1359924518619664,0.5617691808156554,0.4204830825328827,0.9064740538597107,0.9064740538597107,True,17.0040283203125,False,
strength_0.60_cfg_3.0,000007,aircraft,42000,3.0,0.6,results/full/label_010_v1/diffusion_sampling_selection/candidates/strength_0.60_cfg_3.0/000007.png,True,0.1484696259140037,0.23394401860724767,0.6271200180053711,1.3690896034240723,1.3690896034240723,True,32.6330312093099,False,
strength_0.60_cfg_3.0,000013,aircraft,42001,3.0,0.6,results/full/label_010_v1/diffusion_sampling_selection/candidates/strength_0.60_cfg_3.0/000013.png,True,0.19615922425873578,0.10613676090032151,0.541978657245636,0.7967349886894226,0.7967349886894226,True,37.84984842936198,False,
strength_0.60_cfg_3.0,000026,aircraft,42002,3.0,0.6,results/full/label_010_v1/diffusion_sampling_selection/candidates/strength_0.60_cfg_3.0/000026.png,True,0.15475782798603177,0.0747511073174074,0.39268958568573,0.97714763879776,0.97714763879776,True,30.31017557779948,False,
strength_0.60_cfg_3.0,000058,aircraft,42003,3.0,0.6,results/full/label_010_v1/diffusion_sampling_selection/candidates/strength_0.60_cfg_3.0/000058.png,True,0.1134360091527924,0.32787325944590323,0.4332115352153778,1.6867671012878418,1.6867671012878418,True,32.057830810546875,False,
strength_0.60_cfg_3.0,000092,human,42004,3.0,0.6,results/full/label_010_v1/diffusion_sampling_selection/candidates/strength_0.60_cfg_3.0/000092.png,True,0.12979231064673513,0.2513199303519453,0.47639036178588867,0.7027572393417358,0.7027572393417358,True,34.54124450683594,False,
strength_0.60_cfg_3.0,000094,human,42005,3.0,0.6,results/full/label_010_v1/diffusion_sampling_selection/candidates/strength_0.60_cfg_3.0/000094.png,False,0.05585120490286499,9.596623618764083,0.4527602791786194,0.6836264133453369,0.6836264133453369,True,31.071909586588543,False,phase_response|phase_shift
strength_0.60_cfg_3.0,000100,human,42006,3.0,0.6,results/full/label_010_v1/diffusion_sampling_selection/candidates/strength_0.60_cfg_3.0/000100.png,True,0.11257218243554235,0.08462763636601803,0.4155254065990448,0.49761807918548584,0.49761807918548584,True,44.20103454589844,False,
strength_0.60_cfg_3.0,000114,human,42007,3.0,0.6,results/full/label_010_v1/diffusion_sampling_selection/candidates/strength_0.60_cfg_3.0/000114.png,True,0.12087392609100789,0.15051712019301672,0.4338189959526062,0.753731906414032,0.753731906414032,True,35.3838857014974,False,
strength_0.60_cfg_3.0,000139,ship,42008,3.0,0.6,results/full/label_010_v1/diffusion_sampling_selection/candidates/strength_0.60_cfg_3.0/000139.png,True,0.1517530289129354,0.2264238279931238,0.42617762088775635,0.9955239295959473,0.9955239295959473,True,29.415573120117188,False,
strength_0.60_cfg_3.0,000149,ship,42009,3.0,0.6,results/full/label_010_v1/diffusion_sampling_selection/candidates/strength_0.60_cfg_3.0/000149.png,True,0.2057102097896859,0.2998364719350145,0.38002637028694153,1.6481581926345825,1.6481581926345825,True,36.23924763997396,False,
strength_0.60_cfg_3.0,000154,ship,42010,3.0,0.6,results/full/label_010_v1/diffusion_sampling_selection/candidates/strength_0.60_cfg_3.0/000154.png,True,0.12817244097823277,0.2820985813352169,0.5517789125442505,1.2301597595214844,1.2301597595214844,True,27.246225992838543,False,
strength_0.60_cfg_3.0,000155,ship,42011,3.0,0.6,results/full/label_010_v1/diffusion_sampling_selection/candidates/strength_0.60_cfg_3.0/000155.png,True,0.12328675610478967,0.5767805041531098,0.35866570472717285,1.2103115320205688,1.2103115320205688,True,26.635874430338543,False,
strength_0.60_cfg_5.0,000007,aircraft,42000,5.0,0.6,results/full/label_010_v1/diffusion_sampling_selection/candidates/strength_0.60_cfg_5.0/000007.png,False,0.0743801846401766,0.3908162472006588,0.5159597992897034,1.3998056650161743,1.3998056650161743,True,54.91206359863281,False,phase_response
strength_0.60_cfg_5.0,000013,aircraft,42001,5.0,0.6,results/full/label_010_v1/diffusion_sampling_selection/candidates/strength_0.60_cfg_5.0/000013.png,True,0.1613512993499171,0.540835929588465,0.37408000230789185,0.9347376227378845,0.9347376227378845,True,54.15411376953125,False,
strength_0.60_cfg_5.0,000026,aircraft,42002,5.0,0.6,results/full/label_010_v1/diffusion_sampling_selection/candidates/strength_0.60_cfg_5.0/000026.png,True,0.11450668587349355,0.4640790174700804,0.37299275398254395,1.1720324754714966,1.1720324754714966,True,52.32130432128906,False,
strength_0.60_cfg_5.0,000058,aircraft,42003,5.0,0.6,results/full/label_010_v1/diffusion_sampling_selection/candidates/strength_0.60_cfg_5.0/000058.png,False,-0.005333004693966359,80.78297305314376,0.28436172008514404,1.90323805809021,1.90323805809021,True,49.377461751302086,False,phase_response|phase_shift
strength_0.60_cfg_5.0,000092,human,42004,5.0,0.6,results/full/label_010_v1/diffusion_sampling_selection/candidates/strength_0.60_cfg_5.0/000092.png,False,0.08501849666936323,0.16434001013781957,0.42938125133514404,0.6939523220062256,0.6939523220062256,True,55.84007263183594,False,phase_response
strength_0.60_cfg_5.0,000094,human,42005,5.0,0.6,results/full/label_010_v1/diffusion_sampling_selection/candidates/strength_0.60_cfg_5.0/000094.png,True,0.10474262968637049,0.3596309492756915,0.38733336329460144,0.7781550288200378,0.7781550288200378,True,50.6613515218099,False,
strength_0.60_cfg_5.0,000100,human,42006,5.0,0.6,results/full/label_010_v1/diffusion_sampling_selection/candidates/strength_0.60_cfg_5.0/000100.png,True,0.11187006148975343,0.21566721226233554,0.42297887802124023,0.46222713589668274,0.46222713589668274,True,50.0987294514974,False,
strength_0.60_cfg_5.0,000114,human,42007,5.0,0.6,results/full/label_010_v1/diffusion_sampling_selection/candidates/strength_0.60_cfg_5.0/000114.png,False,0.07349531978252344,0.6135235782719268,0.3184364438056946,0.7208894491195679,0.7208894491195679,True,57.00894673665365,False,phase_response
strength_0.60_cfg_5.0,000139,ship,42008,5.0,0.6,results/full/label_010_v1/diffusion_sampling_selection/candidates/strength_0.60_cfg_5.0/000139.png,False,0.06397082936018705,0.5394764426437385,0.306681364774704,1.2510567903518677,1.2510567903518677,True,54.51416524251302,False,phase_response
strength_0.60_cfg_5.0,000149,ship,42009,5.0,0.6,results/full/label_010_v1/diffusion_sampling_selection/candidates/strength_0.60_cfg_5.0/000149.png,False,0.10650372254895046,0.1709222025108435,0.2165231704711914,1.5451180934906006,1.5451180934906006,True,48.59605407714844,False,target_ncc
strength_0.60_cfg_5.0,000154,ship,42010,5.0,0.6,results/full/label_010_v1/diffusion_sampling_selection/candidates/strength_0.60_cfg_5.0/000154.png,False,0.04088245646562427,0.7498080543172296,0.3884555995464325,1.1664832830429077,1.1664832830429077,True,48.55058797200521,False,phase_response
strength_0.60_cfg_5.0,000155,ship,42011,5.0,0.6,results/full/label_010_v1/diffusion_sampling_selection/candidates/strength_0.60_cfg_5.0/000155.png,False,0.04793106787838042,0.31171061436447595,0.1762358695268631,1.5789178609848022,1.5789178609848022,True,50.2857666015625,False,phase_response|target_ncc
