candidate_id,method,source_id,class_name,seed,source_image,source_label
l010_traditional_000012,traditional,000012,aircraft,42,data/processed/generative_256_v1/images/train/000012.png,data/processed/generative_256_v1/labels/train/000012.txt
l010_traditional_000034,traditional,000034,aircraft,43,data/processed/generative_256_v1/images/train/000034.png,data/processed/generative_256_v1/labels/train/000034.txt
l010_traditional_000037,traditional,000037,aircraft,44,data/processed/generative_256_v1/images/train/000037.png,data/processed/generative_256_v1/labels/train/000037.txt
l010_traditional_000085,traditional,000085,aircraft,45,data/processed/generative_256_v1/images/train/000085.png,data/processed/generative_256_v1/labels/train/000085.txt
l010_traditional_000101,traditional,000101,human,46,data/processed/generative_256_v1/images/train/000101.png,data/processed/generative_256_v1/labels/train/000101.txt
l010_traditional_000112,traditional,000112,human,47,data/processed/generative_256_v1/images/train/000112.png,data/processed/generative_256_v1/labels/train/000112.txt
l010_traditional_000115,traditional,000115,human,48,data/processed/generative_256_v1/images/train/000115.png,data/processed/generative_256_v1/labels/train/000115.txt
l010_traditional_000143,traditional,000143,ship,49,data/processed/generative_256_v1/images/train/000143.png,data/processed/generative_256_v1/labels/train/000143.txt
l010_traditional_000150,traditional,000150,ship,50,data/processed/generative_256_v1/images/train/000150.png,data/processed/generative_256_v1/labels/train/000150.txt
l010_traditional_000153,traditional,000153,ship,51,data/processed/generative_256_v1/images/train/000153.png,data/processed/generative_256_v1/labels/train/000153.txt
l010_traditional_000160,traditional,000160,ship,52,data/processed/generative_256_v1/images/train/000160.png,data/processed/generative_256_v1/labels/train/000160.txt
l010_traditional_000164,traditional,000164,ship,53,data/processed/generative_256_v1/images/train/000164.png,data/processed/generative_256_v1/labels/train/000164.txt
l010_traditional_000174,traditional,000174,ship,54,data/processed/generative_256_v1/images/train/000174.png,data/processed/generative_256_v1/labels/train/000174.txt
l010_traditional_000203,traditional,000203,ship,55,data/processed/generative_256_v1/images/train/000203.png,data/processed/generative_256_v1/labels/train/000203.txt
l010_traditional_000232,traditional,000232,ship,56,data/processed/generative_256_v1/images/train/000232.png,data/processed/generative_256_v1/labels/train/000232.txt
l010_traditional_000233,traditional,000233,ship,57,data/processed/generative_256_v1/images/train/000233.png,data/processed/generative_256_v1/labels/train/000233.txt
l010_traditional_000235,traditional,000235,ship,58,data/processed/generative_256_v1/images/train/000235.png,data/processed/generative_256_v1/labels/train/000235.txt
l010_traditional_000246,traditional,000246,ship,59,data/processed/generative_256_v1/images/train/000246.png,data/processed/generative_256_v1/labels/train/000246.txt
l010_traditional_000254,traditional,000254,ship,60,data/processed/generative_256_v1/images/train/000254.png,data/processed/generative_256_v1/labels/train/000254.txt
l010_traditional_000268,traditional,000268,ship,61,data/processed/generative_256_v1/images/train/000268.png,data/processed/generative_256_v1/labels/train/000268.txt
l010_traditional_000346,traditional,000346,ship,62,data/processed/generative_256_v1/images/train/000346.png,data/processed/generative_256_v1/labels/train/000346.txt
l010_traditional_000348,traditional,000348,ship,63,data/processed/generative_256_v1/images/train/000348.png,data/processed/generative_256_v1/labels/train/000348.txt
l010_traditional_000376,traditional,000376,ship,64,data/processed/generative_256_v1/images/train/000376.png,data/processed/generative_256_v1/labels/train/000376.txt
l010_traditional_000385,traditional,000385,ship,65,data/processed/generative_256_v1/images/train/000385.png,data/processed/generative_256_v1/labels/train/000385.txt
l010_traditional_000420,traditional,000420,ship,66,data/processed/generative_256_v1/images/train/000420.png,data/processed/generative_256_v1/labels/train/000420.txt
l010_traditional_000497,traditional,000497,ship,67,data/processed/generative_256_v1/images/train/000497.png,data/processed/generative_256_v1/labels/train/000497.txt
l010_gan_000012,gan,000012,aircraft,10042,data/processed/generative_256_v1/images/train/000012.png,data/processed/generative_256_v1/labels/train/000012.txt
l010_gan_000034,gan,000034,aircraft,10043,data/processed/generative_256_v1/images/train/000034.png,data/processed/generative_256_v1/labels/train/000034.txt
l010_gan_000037,gan,000037,aircraft,10044,data/processed/generative_256_v1/images/train/000037.png,data/processed/generative_256_v1/labels/train/000037.txt
l010_gan_000085,gan,000085,aircraft,10045,data/processed/generative_256_v1/images/train/000085.png,data/processed/generative_256_v1/labels/train/000085.txt
l010_gan_000101,gan,000101,human,10046,data/processed/generative_256_v1/images/train/000101.png,data/processed/generative_256_v1/labels/train/000101.txt
l010_gan_000112,gan,000112,human,10047,data/processed/generative_256_v1/images/train/000112.png,data/processed/generative_256_v1/labels/train/000112.txt
l010_gan_000115,gan,000115,human,10048,data/processed/generative_256_v1/images/train/000115.png,data/processed/generative_256_v1/labels/train/000115.txt
l010_gan_000143,gan,000143,ship,10049,data/processed/generative_256_v1/images/train/000143.png,data/processed/generative_256_v1/labels/train/000143.txt
l010_gan_000150,gan,000150,ship,10050,data/processed/generative_256_v1/images/train/000150.png,data/processed/generative_256_v1/labels/train/000150.txt
l010_gan_000153,gan,000153,ship,10051,data/processed/generative_256_v1/images/train/000153.png,data/processed/generative_256_v1/labels/train/000153.txt
l010_gan_000160,gan,000160,ship,10052,data/processed/generative_256_v1/images/train/000160.png,data/processed/generative_256_v1/labels/train/000160.txt
l010_gan_000164,gan,000164,ship,10053,data/processed/generative_256_v1/images/train/000164.png,data/processed/generative_256_v1/labels/train/000164.txt
l010_gan_000174,gan,000174,ship,10054,data/processed/generative_256_v1/images/train/000174.png,data/processed/generative_256_v1/labels/train/000174.txt
l010_gan_000203,gan,000203,ship,10055,data/processed/generative_256_v1/images/train/000203.png,data/processed/generative_256_v1/labels/train/000203.txt
l010_gan_000232,gan,000232,ship,10056,data/processed/generative_256_v1/images/train/000232.png,data/processed/generative_256_v1/labels/train/000232.txt
l010_gan_000233,gan,000233,ship,10057,data/processed/generative_256_v1/images/train/000233.png,data/processed/generative_256_v1/labels/train/000233.txt
l010_gan_000235,gan,000235,ship,10058,data/processed/generative_256_v1/images/train/000235.png,data/processed/generative_256_v1/labels/train/000235.txt
l010_gan_000246,gan,000246,ship,10059,data/processed/generative_256_v1/images/train/000246.png,data/processed/generative_256_v1/labels/train/000246.txt
l010_gan_000254,gan,000254,ship,10060,data/processed/generative_256_v1/images/train/000254.png,data/processed/generative_256_v1/labels/train/000254.txt
l010_gan_000268,gan,000268,ship,10061,data/processed/generative_256_v1/images/train/000268.png,data/processed/generative_256_v1/labels/train/000268.txt
l010_gan_000346,gan,000346,ship,10062,data/processed/generative_256_v1/images/train/000346.png,data/processed/generative_256_v1/labels/train/000346.txt
l010_gan_000348,gan,000348,ship,10063,data/processed/generative_256_v1/images/train/000348.png,data/processed/generative_256_v1/labels/train/000348.txt
l010_gan_000376,gan,000376,ship,10064,data/processed/generative_256_v1/images/train/000376.png,data/processed/generative_256_v1/labels/train/000376.txt
l010_gan_000385,gan,000385,ship,10065,data/processed/generative_256_v1/images/train/000385.png,data/processed/generative_256_v1/labels/train/000385.txt
l010_gan_000420,gan,000420,ship,10066,data/processed/generative_256_v1/images/train/000420.png,data/processed/generative_256_v1/labels/train/000420.txt
l010_gan_000497,gan,000497,ship,10067,data/processed/generative_256_v1/images/train/000497.png,data/processed/generative_256_v1/labels/train/000497.txt
l010_standard_diffusion_000012,standard_diffusion,000012,aircraft,20042,data/processed/generative_256_v1/images/train/000012.png,data/processed/generative_256_v1/labels/train/000012.txt
l010_standard_diffusion_000034,standard_diffusion,000034,aircraft,20043,data/processed/generative_256_v1/images/train/000034.png,data/processed/generative_256_v1/labels/train/000034.txt
l010_standard_diffusion_000037,standard_diffusion,000037,aircraft,20044,data/processed/generative_256_v1/images/train/000037.png,data/processed/generative_256_v1/labels/train/000037.txt
l010_standard_diffusion_000085,standard_diffusion,000085,aircraft,20045,data/processed/generative_256_v1/images/train/000085.png,data/processed/generative_256_v1/labels/train/000085.txt
l010_standard_diffusion_000101,standard_diffusion,000101,human,20046,data/processed/generative_256_v1/images/train/000101.png,data/processed/generative_256_v1/labels/train/000101.txt
l010_standard_diffusion_000112,standard_diffusion,000112,human,20047,data/processed/generative_256_v1/images/train/000112.png,data/processed/generative_256_v1/labels/train/000112.txt
l010_standard_diffusion_000115,standard_diffusion,000115,human,20048,data/processed/generative_256_v1/images/train/000115.png,data/processed/generative_256_v1/labels/train/000115.txt
l010_standard_diffusion_000143,standard_diffusion,000143,ship,20049,data/processed/generative_256_v1/images/train/000143.png,data/processed/generative_256_v1/labels/train/000143.txt
l010_standard_diffusion_000150,standard_diffusion,000150,ship,20050,data/processed/generative_256_v1/images/train/000150.png,data/processed/generative_256_v1/labels/train/000150.txt
l010_standard_diffusion_000153,standard_diffusion,000153,ship,20051,data/processed/generative_256_v1/images/train/000153.png,data/processed/generative_256_v1/labels/train/000153.txt
l010_standard_diffusion_000160,standard_diffusion,000160,ship,20052,data/processed/generative_256_v1/images/train/000160.png,data/processed/generative_256_v1/labels/train/000160.txt
l010_standard_diffusion_000164,standard_diffusion,000164,ship,20053,data/processed/generative_256_v1/images/train/000164.png,data/processed/generative_256_v1/labels/train/000164.txt
l010_standard_diffusion_000174,standard_diffusion,000174,ship,20054,data/processed/generative_256_v1/images/train/000174.png,data/processed/generative_256_v1/labels/train/000174.txt
l010_standard_diffusion_000203,standard_diffusion,000203,ship,20055,data/processed/generative_256_v1/images/train/000203.png,data/processed/generative_256_v1/labels/train/000203.txt
l010_standard_diffusion_000232,standard_diffusion,000232,ship,20056,data/processed/generative_256_v1/images/train/000232.png,data/processed/generative_256_v1/labels/train/000232.txt
l010_standard_diffusion_000233,standard_diffusion,000233,ship,20057,data/processed/generative_256_v1/images/train/000233.png,data/processed/generative_256_v1/labels/train/000233.txt
l010_standard_diffusion_000235,standard_diffusion,000235,ship,20058,data/processed/generative_256_v1/images/train/000235.png,data/processed/generative_256_v1/labels/train/000235.txt
l010_standard_diffusion_000246,standard_diffusion,000246,ship,20059,data/processed/generative_256_v1/images/train/000246.png,data/processed/generative_256_v1/labels/train/000246.txt
l010_standard_diffusion_000254,standard_diffusion,000254,ship,20060,data/processed/generative_256_v1/images/train/000254.png,data/processed/generative_256_v1/labels/train/000254.txt
l010_standard_diffusion_000268,standard_diffusion,000268,ship,20061,data/processed/generative_256_v1/images/train/000268.png,data/processed/generative_256_v1/labels/train/000268.txt
l010_standard_diffusion_000346,standard_diffusion,000346,ship,20062,data/processed/generative_256_v1/images/train/000346.png,data/processed/generative_256_v1/labels/train/000346.txt
l010_standard_diffusion_000348,standard_diffusion,000348,ship,20063,data/processed/generative_256_v1/images/train/000348.png,data/processed/generative_256_v1/labels/train/000348.txt
l010_standard_diffusion_000376,standard_diffusion,000376,ship,20064,data/processed/generative_256_v1/images/train/000376.png,data/processed/generative_256_v1/labels/train/000376.txt
l010_standard_diffusion_000385,standard_diffusion,000385,ship,20065,data/processed/generative_256_v1/images/train/000385.png,data/processed/generative_256_v1/labels/train/000385.txt
l010_standard_diffusion_000420,standard_diffusion,000420,ship,20066,data/processed/generative_256_v1/images/train/000420.png,data/processed/generative_256_v1/labels/train/000420.txt
l010_standard_diffusion_000497,standard_diffusion,000497,ship,20067,data/processed/generative_256_v1/images/train/000497.png,data/processed/generative_256_v1/labels/train/000497.txt
l010_grounded_diffusion_000012,grounded_diffusion,000012,aircraft,30042,data/processed/generative_256_v1/images/train/000012.png,data/processed/generative_256_v1/labels/train/000012.txt
l010_grounded_diffusion_000034,grounded_diffusion,000034,aircraft,30043,data/processed/generative_256_v1/images/train/000034.png,data/processed/generative_256_v1/labels/train/000034.txt
l010_grounded_diffusion_000037,grounded_diffusion,000037,aircraft,30044,data/processed/generative_256_v1/images/train/000037.png,data/processed/generative_256_v1/labels/train/000037.txt
l010_grounded_diffusion_000085,grounded_diffusion,000085,aircraft,30045,data/processed/generative_256_v1/images/train/000085.png,data/processed/generative_256_v1/labels/train/000085.txt
l010_grounded_diffusion_000101,grounded_diffusion,000101,human,30046,data/processed/generative_256_v1/images/train/000101.png,data/processed/generative_256_v1/labels/train/000101.txt
l010_grounded_diffusion_000112,grounded_diffusion,000112,human,30047,data/processed/generative_256_v1/images/train/000112.png,data/processed/generative_256_v1/labels/train/000112.txt
l010_grounded_diffusion_000115,grounded_diffusion,000115,human,30048,data/processed/generative_256_v1/images/train/000115.png,data/processed/generative_256_v1/labels/train/000115.txt
l010_grounded_diffusion_000143,grounded_diffusion,000143,ship,30049,data/processed/generative_256_v1/images/train/000143.png,data/processed/generative_256_v1/labels/train/000143.txt
l010_grounded_diffusion_000150,grounded_diffusion,000150,ship,30050,data/processed/generative_256_v1/images/train/000150.png,data/processed/generative_256_v1/labels/train/000150.txt
l010_grounded_diffusion_000153,grounded_diffusion,000153,ship,30051,data/processed/generative_256_v1/images/train/000153.png,data/processed/generative_256_v1/labels/train/000153.txt
l010_grounded_diffusion_000160,grounded_diffusion,000160,ship,30052,data/processed/generative_256_v1/images/train/000160.png,data/processed/generative_256_v1/labels/train/000160.txt
l010_grounded_diffusion_000164,grounded_diffusion,000164,ship,30053,data/processed/generative_256_v1/images/train/000164.png,data/processed/generative_256_v1/labels/train/000164.txt
l010_grounded_diffusion_000174,grounded_diffusion,000174,ship,30054,data/processed/generative_256_v1/images/train/000174.png,data/processed/generative_256_v1/labels/train/000174.txt
l010_grounded_diffusion_000203,grounded_diffusion,000203,ship,30055,data/processed/generative_256_v1/images/train/000203.png,data/processed/generative_256_v1/labels/train/000203.txt
l010_grounded_diffusion_000232,grounded_diffusion,000232,ship,30056,data/processed/generative_256_v1/images/train/000232.png,data/processed/generative_256_v1/labels/train/000232.txt
l010_grounded_diffusion_000233,grounded_diffusion,000233,ship,30057,data/processed/generative_256_v1/images/train/000233.png,data/processed/generative_256_v1/labels/train/000233.txt
l010_grounded_diffusion_000235,grounded_diffusion,000235,ship,30058,data/processed/generative_256_v1/images/train/000235.png,data/processed/generative_256_v1/labels/train/000235.txt
l010_grounded_diffusion_000246,grounded_diffusion,000246,ship,30059,data/processed/generative_256_v1/images/train/000246.png,data/processed/generative_256_v1/labels/train/000246.txt
l010_grounded_diffusion_000254,grounded_diffusion,000254,ship,30060,data/processed/generative_256_v1/images/train/000254.png,data/processed/generative_256_v1/labels/train/000254.txt
l010_grounded_diffusion_000268,grounded_diffusion,000268,ship,30061,data/processed/generative_256_v1/images/train/000268.png,data/processed/generative_256_v1/labels/train/000268.txt
l010_grounded_diffusion_000346,grounded_diffusion,000346,ship,30062,data/processed/generative_256_v1/images/train/000346.png,data/processed/generative_256_v1/labels/train/000346.txt
l010_grounded_diffusion_000348,grounded_diffusion,000348,ship,30063,data/processed/generative_256_v1/images/train/000348.png,data/processed/generative_256_v1/labels/train/000348.txt
l010_grounded_diffusion_000376,grounded_diffusion,000376,ship,30064,data/processed/generative_256_v1/images/train/000376.png,data/processed/generative_256_v1/labels/train/000376.txt
l010_grounded_diffusion_000385,grounded_diffusion,000385,ship,30065,data/processed/generative_256_v1/images/train/000385.png,data/processed/generative_256_v1/labels/train/000385.txt
l010_grounded_diffusion_000420,grounded_diffusion,000420,ship,30066,data/processed/generative_256_v1/images/train/000420.png,data/processed/generative_256_v1/labels/train/000420.txt
l010_grounded_diffusion_000497,grounded_diffusion,000497,ship,30067,data/processed/generative_256_v1/images/train/000497.png,data/processed/generative_256_v1/labels/train/000497.txt
