candidate_id,method,source_id,class_name,seed,source_image,source_label,candidate_image,candidate_sha256,checkpoint_epoch,checkpoint_validation_l1,generation_brightness,generation_noise_std_normalised,generation_policy,decision,approved,phase_response,phase_shift_pixels,minimum_target_ncc,minimum_target_edge_ratio,maximum_target_edge_ratio,target_contrast_polarity_ok,rejection_reasons
l010_gan_000012,gan,000012,aircraft,10042,data/processed/generative_256_v1/images/train/000012.png,data/processed/generative_256_v1/labels/train/000012.txt,synthetic/label_010_v1/gan/l010_gan_000012.png,30ec655c8260d19d3cde21a4d5a1fb7353321a2e78a42ea84ac9660f714a26db,31,0.007157320547618984,0.9969386458396912,0.03,seeded training-domain degradation then conditional restoration,retain_source_box,True,0.98377899,0.00198844,0.99896413,0.99290496,0.99290496,True,
l010_gan_000034,gan,000034,aircraft,10043,data/processed/generative_256_v1/images/train/000034.png,data/processed/generative_256_v1/labels/train/000034.txt,synthetic/label_010_v1/gan/l010_gan_000034.png,94860d8dd0ec48070d53e02a86b1119565f7d0902ae1325b6ba605ba42bcff8a,31,0.007157320547618984,0.9485652446746826,0.03,seeded training-domain degradation then conditional restoration,retain_source_box,True,0.99324599,0.00835456,0.99863696,0.95670867,0.95670867,True,
l010_gan_000037,gan,000037,aircraft,10044,data/processed/generative_256_v1/images/train/000037.png,data/processed/generative_256_v1/labels/train/000037.txt,synthetic/label_010_v1/gan/l010_gan_000037.png,275cccaa58e93f6eb4c9e39381ff07785dd5448f6ab634773d54faacd4488fbd,31,0.007157320547618984,1.0052491426467896,0.03,seeded training-domain degradation then conditional restoration,retain_source_box,True,0.98874067,0.00708583,0.99908143,1.01216865,1.01216865,True,
l010_gan_000085,gan,000085,aircraft,10045,data/processed/generative_256_v1/images/train/000085.png,data/processed/generative_256_v1/labels/train/000085.txt,synthetic/label_010_v1/gan/l010_gan_000085.png,fe4b670b398bdfb64dcc48ec6aac2f29e71d5f7a4ddc08417c63b0df1b1b6be9,31,0.007157320547618984,1.0276129245758057,0.03,seeded training-domain degradation then conditional restoration,retain_source_box,True,0.98855445,0.00888472,0.99903661,1.03069496,1.03069496,True,
l010_gan_000101,gan,000101,human,10046,data/processed/generative_256_v1/images/train/000101.png,data/processed/generative_256_v1/labels/train/000101.txt,synthetic/label_010_v1/gan/l010_gan_000101.png,8460f5a1c680c9467b4b99ba10c1737cfbbe6147a58deb4877849e1597d3d357,31,0.007157320547618984,1.0576738119125366,0.03,seeded training-domain degradation then conditional restoration,retain_source_box,True,0.99217181,0.00397041,0.99931145,1.03662872,1.03662872,True,
l010_gan_000112,gan,000112,human,10047,data/processed/generative_256_v1/images/train/000112.png,data/processed/generative_256_v1/labels/train/000112.txt,synthetic/label_010_v1/gan/l010_gan_000112.png,63f4e5f20a54657246f0a3aaaca0e883e8a3bbf775cef1de408ffaf9cc230d20,31,0.007157320547618984,0.9396836757659912,0.03,seeded training-domain degradation then conditional restoration,retain_source_box,True,0.97109593,0.01166233,0.99939436,0.93966430,0.93966430,True,
l010_gan_000115,gan,000115,human,10048,data/processed/generative_256_v1/images/train/000115.png,data/processed/generative_256_v1/labels/train/000115.txt,synthetic/label_010_v1/gan/l010_gan_000115.png,0c523c3a890034fb51810200e60d8a80beb041544b5598ed513a056f4e129318,31,0.007157320547618984,0.9756776094436646,0.03,seeded training-domain degradation then conditional restoration,retain_source_box,True,0.98192594,0.01367309,0.99926859,0.97382987,0.97382987,True,
l010_gan_000143,gan,000143,ship,10049,data/processed/generative_256_v1/images/train/000143.png,data/processed/generative_256_v1/labels/train/000143.txt,synthetic/label_010_v1/gan/l010_gan_000143.png,3f8eb9c9e8491b25bcf7f56aac5f811938a2f5b88adaaa8411ea07f7e7fa1b48,31,0.007157320547618984,0.925505518913269,0.03,seeded training-domain degradation then conditional restoration,retain_source_box,True,0.99112600,0.01100499,0.99890703,0.93372911,0.93372911,True,
l010_gan_000150,gan,000150,ship,10050,data/processed/generative_256_v1/images/train/000150.png,data/processed/generative_256_v1/labels/train/000150.txt,synthetic/label_010_v1/gan/l010_gan_000150.png,a5a72966ea50fec55b528b23f902790a33bea9957e01010d2320fafc36396a6a,31,0.007157320547618984,1.029042363166809,0.03,seeded training-domain degradation then conditional restoration,retain_source_box,True,0.99393380,0.00992941,0.99946010,1.01775086,1.01775086,True,
l010_gan_000153,gan,000153,ship,10051,data/processed/generative_256_v1/images/train/000153.png,data/processed/generative_256_v1/labels/train/000153.txt,synthetic/label_010_v1/gan/l010_gan_000153.png,4b9480d8f5ecc935d4237614d70703049c9e62ddd01ad9b1d185839f33e11c1b,31,0.007157320547618984,0.9972130060195923,0.03,seeded training-domain degradation then conditional restoration,retain_source_box,True,0.98945335,0.00575377,0.99828994,1.00989020,1.00989020,True,
l010_gan_000160,gan,000160,ship,10052,data/processed/generative_256_v1/images/train/000160.png,data/processed/generative_256_v1/labels/train/000160.txt,synthetic/label_010_v1/gan/l010_gan_000160.png,b72b04e4c1250d25a01ad43dea41822e54333f8669aa1c19f17826671352639e,31,0.007157320547618984,0.9623754620552063,0.03,seeded training-domain degradation then conditional restoration,retain_source_box,True,0.99503546,0.00194977,0.99941981,0.96731287,0.96731287,True,
l010_gan_000164,gan,000164,ship,10053,data/processed/generative_256_v1/images/train/000164.png,data/processed/generative_256_v1/labels/train/000164.txt,synthetic/label_010_v1/gan/l010_gan_000164.png,bc8f8aa837855f387823b3d6e387b241a517a0873991f8e8d5885543499a7e94,31,0.007157320547618984,0.9638491868972778,0.03,seeded training-domain degradation then conditional restoration,retain_source_box,True,0.98300852,0.01326726,0.99869627,0.96591890,0.96591890,True,
l010_gan_000174,gan,000174,ship,10054,data/processed/generative_256_v1/images/train/000174.png,data/processed/generative_256_v1/labels/train/000174.txt,synthetic/label_010_v1/gan/l010_gan_000174.png,bc3819f29bc8c581ccceea1e842fc803bd505832ee70f3fed7d2c31e46e1b4cd,31,0.007157320547618984,1.0045374631881714,0.03,seeded training-domain degradation then conditional restoration,retain_source_box,True,0.99459392,0.00168407,0.99903148,1.01506734,1.01506734,True,
l010_gan_000203,gan,000203,ship,10055,data/processed/generative_256_v1/images/train/000203.png,data/processed/generative_256_v1/labels/train/000203.txt,synthetic/label_010_v1/gan/l010_gan_000203.png,e7931a3834ec4585dd07ce629e48efbe6610c16edefb38f464699dc712912f16,31,0.007157320547618984,0.9340972900390625,0.03,seeded training-domain degradation then conditional restoration,retain_source_box,True,0.98370990,0.01654008,0.99691749,0.99089658,0.99089658,True,
l010_gan_000232,gan,000232,ship,10056,data/processed/generative_256_v1/images/train/000232.png,data/processed/generative_256_v1/labels/train/000232.txt,synthetic/label_010_v1/gan/l010_gan_000232.png,43fbd3d3ac7258b60ff9b9aad8b08eb4c39ba0d123af22e83570f5a066e74252,31,0.007157320547618984,0.9534080624580383,0.03,seeded training-domain degradation then conditional restoration,retain_source_box,True,0.99006423,0.00600512,0.99901086,0.95745933,0.95745933,True,
l010_gan_000233,gan,000233,ship,10057,data/processed/generative_256_v1/images/train/000233.png,data/processed/generative_256_v1/labels/train/000233.txt,synthetic/label_010_v1/gan/l010_gan_000233.png,3da0632409e265097fdd3b959f4a67567fd24ff632e334619c57dafcb7bf2b14,31,0.007157320547618984,0.9728260636329651,0.03,seeded training-domain degradation then conditional restoration,retain_source_box,True,0.99392315,0.01423215,0.99913567,0.97545767,0.97545767,True,
l010_gan_000235,gan,000235,ship,10058,data/processed/generative_256_v1/images/train/000235.png,data/processed/generative_256_v1/labels/train/000235.txt,synthetic/label_010_v1/gan/l010_gan_000235.png,1dbf88129183b67aed1830facba073595b715627adfb1661716676a7c4de1197,31,0.007157320547618984,1.0120620727539062,0.03,seeded training-domain degradation then conditional restoration,retain_source_box,True,0.99332006,0.00529525,0.99946469,1.00549150,1.00549150,True,
l010_gan_000246,gan,000246,ship,10059,data/processed/generative_256_v1/images/train/000246.png,data/processed/generative_256_v1/labels/train/000246.txt,synthetic/label_010_v1/gan/l010_gan_000246.png,f14ef177edf9d0f58114a65cbcbb4c9e85f90ed6ad9222b19fdf6f232a496351,31,0.007157320547618984,1.0386853218078613,0.03,seeded training-domain degradation then conditional restoration,retain_source_box,True,0.98522649,0.01905966,0.99915302,1.02139473,1.02139473,True,
l010_gan_000254,gan,000254,ship,10060,data/processed/generative_256_v1/images/train/000254.png,data/processed/generative_256_v1/labels/train/000254.txt,synthetic/label_010_v1/gan/l010_gan_000254.png,b7376ba06d7cf1e7030f6e2432b0a435cf33e7546fe6b6b70af97a0adf1d6b82,31,0.007157320547618984,0.9606149196624756,0.03,seeded training-domain degradation then conditional restoration,retain_source_box,True,0.99022236,0.00373171,0.99939978,0.96653712,0.96653712,True,
l010_gan_000268,gan,000268,ship,10061,data/processed/generative_256_v1/images/train/000268.png,data/processed/generative_256_v1/labels/train/000268.txt,synthetic/label_010_v1/gan/l010_gan_000268.png,283a4df6e475fd759af6f58ad4f3b8e4ae7200905c446a6100bd3890d31383fc,31,0.007157320547618984,0.9815752506256104,0.03,seeded training-domain degradation then conditional restoration,retain_source_box,True,0.97952618,0.00659975,0.99903917,0.98260599,0.98260599,True,
l010_gan_000346,gan,000346,ship,10062,data/processed/generative_256_v1/images/train/000346.png,data/processed/generative_256_v1/labels/train/000346.txt,synthetic/label_010_v1/gan/l010_gan_000346.png,fc93d98b985f1cc02512cb6feaebb9fe74805c263ba4ee79bd7ebe00e4ad9ac4,31,0.007157320547618984,1.0184592008590698,0.03,seeded training-domain degradation then conditional restoration,retain_source_box,True,0.98687714,0.00775631,0.99833983,1.02050138,1.02050138,True,
l010_gan_000348,gan,000348,ship,10063,data/processed/generative_256_v1/images/train/000348.png,data/processed/generative_256_v1/labels/train/000348.txt,synthetic/label_010_v1/gan/l010_gan_000348.png,1fa24496748bb9fdd0f93f9994be50775ecf498ed11b1542330562a31d798572,31,0.007157320547618984,0.9758646488189697,0.03,seeded training-domain degradation then conditional restoration,retain_source_box,True,0.99429456,0.00600814,0.99884510,0.98097456,0.98097456,True,
l010_gan_000376,gan,000376,ship,10064,data/processed/generative_256_v1/images/train/000376.png,data/processed/generative_256_v1/labels/train/000376.txt,synthetic/label_010_v1/gan/l010_gan_000376.png,c1407fe2983a65478c22899509f3a6d00346506ca5c27084976fd5e907542ba1,31,0.007157320547618984,1.0250073671340942,0.03,seeded training-domain degradation then conditional restoration,retain_source_box,True,0.99383876,0.00790826,0.99897557,1.02673900,1.02673900,True,
l010_gan_000385,gan,000385,ship,10065,data/processed/generative_256_v1/images/train/000385.png,data/processed/generative_256_v1/labels/train/000385.txt,synthetic/label_010_v1/gan/l010_gan_000385.png,f6ae56aa2a15310cafc909a402d03c8469a4d22bb7a134fae8fd4546efdc585a,31,0.007157320547618984,1.0488901138305664,0.03,seeded training-domain degradation then conditional restoration,retain_source_box,True,0.99478777,0.01509306,0.99700505,1.03885710,1.03885710,True,
l010_gan_000420,gan,000420,ship,10066,data/processed/generative_256_v1/images/train/000420.png,data/processed/generative_256_v1/labels/train/000420.txt,synthetic/label_010_v1/gan/l010_gan_000420.png,47d8b083ae6f6f01726dd0f8eae591b3341135a7cce4d111dc52763d3e651440,31,0.007157320547618984,0.9703356027603149,0.03,seeded training-domain degradation then conditional restoration,retain_source_box,True,0.98176670,0.00407534,0.99859160,0.97487479,0.97487479,True,
l010_gan_000497,gan,000497,ship,10067,data/processed/generative_256_v1/images/train/000497.png,data/processed/generative_256_v1/labels/train/000497.txt,synthetic/label_010_v1/gan/l010_gan_000497.png,0df09b7d307747b2e47e6b26798a913240ecd33214abf365751f0fa02d1ebb84,31,0.007157320547618984,1.013724684715271,0.03,seeded training-domain degradation then conditional restoration,retain_source_box,True,0.99345738,0.00790629,0.99896353,1.01299131,1.01299131,True,
