candidate_id,method,source_id,class_name,seed,source_image,source_label,candidate_image,candidate_sha256,checkpoint_epoch,checkpoint_validation_l1,decision,approved,phase_response,phase_shift_pixels,minimum_target_ncc,minimum_target_edge_ratio,maximum_target_edge_ratio,target_contrast_polarity_ok,rejection_reasons
l010_gan_000012,gan,000012,aircraft,10042,data/processed/generative_256_v1/images/train/000012.png,data/processed/generative_256_v1/labels/train/000012.txt,synthetic/label_010_v1/gan/l010_gan_000012.png,a135f032819ede74615aed88ae75fb017b2e63b8f9049ef1b28700019f7fe7d1,31,0.007157320547618984,retain_source_box,True,0.99859268,0.00468816,0.99992728,0.99883389,0.99883389,True,
l010_gan_000034,gan,000034,aircraft,10043,data/processed/generative_256_v1/images/train/000034.png,data/processed/generative_256_v1/labels/train/000034.txt,synthetic/label_010_v1/gan/l010_gan_000034.png,153c42b4ebda492f21c5dae1d942a364708d1303c34118881b025c83a002793e,31,0.007157320547618984,retain_source_box,True,0.99882481,0.00775215,0.99990284,1.00087965,1.00087965,True,
l010_gan_000037,gan,000037,aircraft,10044,data/processed/generative_256_v1/images/train/000037.png,data/processed/generative_256_v1/labels/train/000037.txt,synthetic/label_010_v1/gan/l010_gan_000037.png,fb2160d4596851da9a36c6f8ba0aaf60a617857180f3d6828e5b59264cd39be4,31,0.007157320547618984,retain_source_box,True,0.99792931,0.00388557,0.99992633,1.00287306,1.00287306,True,
l010_gan_000085,gan,000085,aircraft,10045,data/processed/generative_256_v1/images/train/000085.png,data/processed/generative_256_v1/labels/train/000085.txt,synthetic/label_010_v1/gan/l010_gan_000085.png,6cb0231a498af0e913a237e88b7e2da48af5a7d18181273456abc63ad805b382,31,0.007157320547618984,retain_source_box,True,0.99844316,0.00493279,0.99992853,1.00322306,1.00322306,True,
l010_gan_000101,gan,000101,human,10046,data/processed/generative_256_v1/images/train/000101.png,data/processed/generative_256_v1/labels/train/000101.txt,synthetic/label_010_v1/gan/l010_gan_000101.png,94f78e2036dfca17c8358f5a4bd7a3c17b732cfa8891ecb8501e048f832af1d3,31,0.007157320547618984,retain_source_box,True,0.99904827,0.00515908,0.99995273,0.99759156,0.99759156,True,
l010_gan_000112,gan,000112,human,10047,data/processed/generative_256_v1/images/train/000112.png,data/processed/generative_256_v1/labels/train/000112.txt,synthetic/label_010_v1/gan/l010_gan_000112.png,d06b8ddb4a8defd21646ab8b20f943e171c2b8ef3f5e0226612dee47a61e16af,31,0.007157320547618984,retain_source_box,True,0.99603848,0.00964601,0.99994940,0.99724513,0.99724513,True,
l010_gan_000115,gan,000115,human,10048,data/processed/generative_256_v1/images/train/000115.png,data/processed/generative_256_v1/labels/train/000115.txt,synthetic/label_010_v1/gan/l010_gan_000115.png,744e30c0e04cc8e7a4fdb2757be9730a1161bec55eec3868d7f947843fb988d9,31,0.007157320547618984,retain_source_box,True,0.99629715,0.00883607,0.99988687,0.99473917,0.99473917,True,
l010_gan_000143,gan,000143,ship,10049,data/processed/generative_256_v1/images/train/000143.png,data/processed/generative_256_v1/labels/train/000143.txt,synthetic/label_010_v1/gan/l010_gan_000143.png,71a9ccac00def0fdd8e79a75e68907e4a07caef064910c84a05a131b4b3ad0d0,31,0.007157320547618984,retain_source_box,True,0.99896517,0.00476468,0.99993539,1.00157845,1.00157845,True,
l010_gan_000150,gan,000150,ship,10050,data/processed/generative_256_v1/images/train/000150.png,data/processed/generative_256_v1/labels/train/000150.txt,synthetic/label_010_v1/gan/l010_gan_000150.png,1622327302cc144c59f2f369a4302555b0cd335bdfd045405dea4c201bba6dbd,31,0.007157320547618984,retain_source_box,True,0.99876881,0.00427117,0.99995381,0.99951267,0.99951267,True,
l010_gan_000153,gan,000153,ship,10051,data/processed/generative_256_v1/images/train/000153.png,data/processed/generative_256_v1/labels/train/000153.txt,synthetic/label_010_v1/gan/l010_gan_000153.png,b47d34d96c360e70f15369788425508f94520b6951ed863092d6634069f8ccee,31,0.007157320547618984,retain_source_box,True,0.99741041,0.01217123,0.99993551,1.00057936,1.00057936,True,
l010_gan_000160,gan,000160,ship,10052,data/processed/generative_256_v1/images/train/000160.png,data/processed/generative_256_v1/labels/train/000160.txt,synthetic/label_010_v1/gan/l010_gan_000160.png,b68aecabb0a82bdbfc4bb02bd406e441896b4a7d7a578eb724f9dc4bce097200,31,0.007157320547618984,retain_source_box,True,0.99928189,0.00408040,0.99996823,0.99938709,0.99938709,True,
l010_gan_000164,gan,000164,ship,10053,data/processed/generative_256_v1/images/train/000164.png,data/processed/generative_256_v1/labels/train/000164.txt,synthetic/label_010_v1/gan/l010_gan_000164.png,f60f5ebdeb194b2c9d98acc5b701caef9735cf774a87fc4591ca46f64d74e5c9,31,0.007157320547618984,retain_source_box,True,0.99573458,0.00313577,0.99989766,0.99988985,0.99988985,True,
l010_gan_000174,gan,000174,ship,10054,data/processed/generative_256_v1/images/train/000174.png,data/processed/generative_256_v1/labels/train/000174.txt,synthetic/label_010_v1/gan/l010_gan_000174.png,c12147b89cfc3f910b3e7c2b2c6998183f626b995ad3726c95fa3022e53af436,31,0.007157320547618984,retain_source_box,True,0.99929469,0.00013599,0.99995220,1.00188196,1.00188196,True,
l010_gan_000203,gan,000203,ship,10055,data/processed/generative_256_v1/images/train/000203.png,data/processed/generative_256_v1/labels/train/000203.txt,synthetic/label_010_v1/gan/l010_gan_000203.png,b8c7dff1058f85361eb771a02fe21e00fa48cf58ac656914041d231a441ac22d,31,0.007157320547618984,retain_source_box,True,0.99630243,0.00644072,0.99983609,1.00274754,1.00274754,True,
l010_gan_000232,gan,000232,ship,10056,data/processed/generative_256_v1/images/train/000232.png,data/processed/generative_256_v1/labels/train/000232.txt,synthetic/label_010_v1/gan/l010_gan_000232.png,0bda25e264fd23e8b7619f46037d5fc45e42b5cdcc9d200cfcc8098b5e73f947,31,0.007157320547618984,retain_source_box,True,0.99966465,0.00242490,0.99995315,0.99981719,0.99981719,True,
l010_gan_000233,gan,000233,ship,10057,data/processed/generative_256_v1/images/train/000233.png,data/processed/generative_256_v1/labels/train/000233.txt,synthetic/label_010_v1/gan/l010_gan_000233.png,1be5eece06a050f1e6b09ffa3a14871e7fbc2c1b16208fb5c418eeffe86fd47c,31,0.007157320547618984,retain_source_box,True,0.99973362,0.00294284,0.99995375,0.99983174,0.99983174,True,
l010_gan_000235,gan,000235,ship,10058,data/processed/generative_256_v1/images/train/000235.png,data/processed/generative_256_v1/labels/train/000235.txt,synthetic/label_010_v1/gan/l010_gan_000235.png,430cd3b4b1ccdaf097ee1e3ec3aa7c9d1123d58d2d195c464b7b4ea1a68b9901,31,0.007157320547618984,retain_source_box,True,0.99764675,0.00465272,0.99994642,0.99956572,0.99956572,True,
l010_gan_000246,gan,000246,ship,10059,data/processed/generative_256_v1/images/train/000246.png,data/processed/generative_256_v1/labels/train/000246.txt,synthetic/label_010_v1/gan/l010_gan_000246.png,21bb914fab4bfe35f6fbbdcc978f29204cedc39df64c5ad5df16e513d1aabeca,31,0.007157320547618984,retain_source_box,True,0.99779668,0.00252993,0.99992710,1.00156260,1.00156260,True,
l010_gan_000254,gan,000254,ship,10060,data/processed/generative_256_v1/images/train/000254.png,data/processed/generative_256_v1/labels/train/000254.txt,synthetic/label_010_v1/gan/l010_gan_000254.png,97a6d9bd5168627bc0abd4c8c9663292448cd4679f18b717b96f455b9679072a,31,0.007157320547618984,retain_source_box,True,0.99885307,0.00496229,0.99984378,0.99233568,0.99233568,True,
l010_gan_000268,gan,000268,ship,10061,data/processed/generative_256_v1/images/train/000268.png,data/processed/generative_256_v1/labels/train/000268.txt,synthetic/label_010_v1/gan/l010_gan_000268.png,0c218d5faabd98537f77aa88d5ffd66d7da91accae3df81f944484c096052772,31,0.007157320547618984,retain_source_box,True,0.99616629,0.00280313,0.99994200,0.99955213,0.99955213,True,
l010_gan_000346,gan,000346,ship,10062,data/processed/generative_256_v1/images/train/000346.png,data/processed/generative_256_v1/labels/train/000346.txt,synthetic/label_010_v1/gan/l010_gan_000346.png,4ccbe6ef84314a4588d30759a5122daf81fe72ebc0d78199d354cf2f68709ffc,31,0.007157320547618984,retain_source_box,True,0.99749140,0.00567130,0.99989247,1.00018275,1.00018275,True,
l010_gan_000348,gan,000348,ship,10063,data/processed/generative_256_v1/images/train/000348.png,data/processed/generative_256_v1/labels/train/000348.txt,synthetic/label_010_v1/gan/l010_gan_000348.png,b161ccdbf7f67ea136127fb83f378dfd4b189cca92725039994fa32c94ede2b3,31,0.007157320547618984,retain_source_box,True,0.99900511,0.00509957,0.99988997,0.99752855,0.99752855,True,
l010_gan_000376,gan,000376,ship,10064,data/processed/generative_256_v1/images/train/000376.png,data/processed/generative_256_v1/labels/train/000376.txt,synthetic/label_010_v1/gan/l010_gan_000376.png,607e22d0d4f0f6c8c44cf64bac8436040dd048309848ef3e771639677ae4238a,31,0.007157320547618984,retain_source_box,True,0.99905436,0.00750380,0.99990749,0.99983305,0.99983305,True,
l010_gan_000385,gan,000385,ship,10065,data/processed/generative_256_v1/images/train/000385.png,data/processed/generative_256_v1/labels/train/000385.txt,synthetic/label_010_v1/gan/l010_gan_000385.png,5015642eaf6f99e8a57b72a50c4c12d7e5e62a3d3d6c303ecf96602629560fee,31,0.007157320547618984,retain_source_box,True,0.99946511,0.00773977,0.99987400,1.00340021,1.00340021,True,
l010_gan_000420,gan,000420,ship,10066,data/processed/generative_256_v1/images/train/000420.png,data/processed/generative_256_v1/labels/train/000420.txt,synthetic/label_010_v1/gan/l010_gan_000420.png,fd5ba49e6fffcd1589d88eaa8e032b182ba518f6c8a603145b94a34a322342b0,31,0.007157320547618984,retain_source_box,True,0.99368994,0.01435466,0.99992514,0.99973702,0.99973702,True,
l010_gan_000497,gan,000497,ship,10067,data/processed/generative_256_v1/images/train/000497.png,data/processed/generative_256_v1/labels/train/000497.txt,synthetic/label_010_v1/gan/l010_gan_000497.png,46bbfc81041fda979c060affa18145bf641b11ea078f29027afe33548c1362d3,31,0.007157320547618984,retain_source_box,True,0.99862848,0.00990420,0.99990636,1.00207961,1.00207961,True,
