condition,class_name,precision,recall,f1,mAP50,mAP50_95
real_only,aircraft,0.0009704027171276079,0.75,0.001938297528670651,0.062485904915597634,0.027905974514188348
real_only,human,0.00021486892995272884,0.16666666666666666,0.00042918454935622294,0.0027966101694915256,0.00027966101694915254
real_only,ship,0.005966809621480515,0.7619047619047619,0.011840888066604993,0.07097213700606855,0.02403085366280734
traditional,aircraft,1.0,0.0,0.0,0.11410582357995531,0.04160159521800742
traditional,human,0.9188543053671685,0.3333333333333333,0.4891994761640991,0.35413043478260875,0.2555319693094629
traditional,ship,0.36867969929774236,0.5714285714285714,0.44819117211182596,0.472012767306513,0.22116699676938448
gan,aircraft,0.6401907758217491,0.23014308186631185,0.33857232331827647,0.31876968681910306,0.11872984529747958
gan,human,0.3608598889924258,0.3333333333333333,0.34655086162076026,0.17448677884615382,0.10819675480769231
gan,ship,0.4337303366459954,0.7142857142857143,0.5397265710128947,0.5346436680089914,0.2251850017078815
standard_diffusion,aircraft,1.0,0.0,0.0,0.11647893600863346,0.05778322993664285
standard_diffusion,human,0.7614654053273591,0.3333333333333333,0.46368669018799913,0.3351955193482689,0.2763477596741345
standard_diffusion,ship,0.49427518032703216,0.7142857142857143,0.5842547145242885,0.6687249262681965,0.35182750189159273
grounded_diffusion,aircraft,0.19129232707108143,0.125,0.1511989943310351,0.2156381011682382,0.04416542158215915
grounded_diffusion,human,1.0,0.0,0.0,0.11166666666666666,0.05913333333333333
grounded_diffusion,ship,0.4268867121598917,0.6666666666666666,0.520488797255255,0.5300339497612163,0.26131073932610455
