candidate_id,method,ablation_condition,geometric,range,speckle,source_id,class_name,seed,source_image,source_label,candidate_image,candidate_sha256,checkpoint,checkpoint_sha256,guidance_scale,source_strength,inference_steps,mean_absolute_source_difference_255,exact_pixel_copy
l010_ablation_no_acoustic_000012,ablation_no_acoustic,no_acoustic,True,False,False,000012,aircraft,40042,data/processed/generative_256_v1/images/train/000012.png,data/processed/generative_256_v1/labels/train/000012.txt,synthetic/label_010_v1/ablations/no_acoustic/l010_ablation_no_acoustic_000012.png,60ab39a04704afdcd45b7dce52c31ad4d3e54d07c1a17007b49190e668366ed1,models/diffusion/ablations/no_acoustic/label_010_v1/best_model,42c96642e1f2bc85a92c34d223a833941f41d22c359bf02a74fd4ddac7c58ac3,1.0,0.3,50,9.091862996419271,False
l010_ablation_no_acoustic_000034,ablation_no_acoustic,no_acoustic,True,False,False,000034,aircraft,40043,data/processed/generative_256_v1/images/train/000034.png,data/processed/generative_256_v1/labels/train/000034.txt,synthetic/label_010_v1/ablations/no_acoustic/l010_ablation_no_acoustic_000034.png,9ad3d4c9c05ce3f3b2cfaa2eee6f033bad0687aaef432d9b076bda9b2d48620e,models/diffusion/ablations/no_acoustic/label_010_v1/best_model,42c96642e1f2bc85a92c34d223a833941f41d22c359bf02a74fd4ddac7c58ac3,1.0,0.3,50,22.391611735026043,False
l010_ablation_no_acoustic_000037,ablation_no_acoustic,no_acoustic,True,False,False,000037,aircraft,40044,data/processed/generative_256_v1/images/train/000037.png,data/processed/generative_256_v1/labels/train/000037.txt,synthetic/label_010_v1/ablations/no_acoustic/l010_ablation_no_acoustic_000037.png,198f6518459718e4f94a2e7dc418946061ed32461ccebe14febacfff3c1897be,models/diffusion/ablations/no_acoustic/label_010_v1/best_model,42c96642e1f2bc85a92c34d223a833941f41d22c359bf02a74fd4ddac7c58ac3,1.0,0.3,50,11.312174479166666,False
l010_ablation_no_acoustic_000085,ablation_no_acoustic,no_acoustic,True,False,False,000085,aircraft,40045,data/processed/generative_256_v1/images/train/000085.png,data/processed/generative_256_v1/labels/train/000085.txt,synthetic/label_010_v1/ablations/no_acoustic/l010_ablation_no_acoustic_000085.png,53c0b0a543cfb1208fa158878e3d442dd9ce862edabbee68f6cc2caf0be44809,models/diffusion/ablations/no_acoustic/label_010_v1/best_model,42c96642e1f2bc85a92c34d223a833941f41d22c359bf02a74fd4ddac7c58ac3,1.0,0.3,50,11.365732828776041,False
l010_ablation_no_acoustic_000101,ablation_no_acoustic,no_acoustic,True,False,False,000101,human,40046,data/processed/generative_256_v1/images/train/000101.png,data/processed/generative_256_v1/labels/train/000101.txt,synthetic/label_010_v1/ablations/no_acoustic/l010_ablation_no_acoustic_000101.png,9a3a3bdebe8067e21b4234d3a0f10f7cbd96a84d7c7bbe1e988fbcaea505ebd1,models/diffusion/ablations/no_acoustic/label_010_v1/best_model,42c96642e1f2bc85a92c34d223a833941f41d22c359bf02a74fd4ddac7c58ac3,1.0,0.3,50,24.039596557617188,False
l010_ablation_no_acoustic_000112,ablation_no_acoustic,no_acoustic,True,False,False,000112,human,40047,data/processed/generative_256_v1/images/train/000112.png,data/processed/generative_256_v1/labels/train/000112.txt,synthetic/label_010_v1/ablations/no_acoustic/l010_ablation_no_acoustic_000112.png,2434b7276b52ec40fbe15a6155df1a6b750ca9abbe02d50008aaf30a25e145d2,models/diffusion/ablations/no_acoustic/label_010_v1/best_model,42c96642e1f2bc85a92c34d223a833941f41d22c359bf02a74fd4ddac7c58ac3,1.0,0.3,50,24.234237670898438,False
l010_ablation_no_acoustic_000115,ablation_no_acoustic,no_acoustic,True,False,False,000115,human,40048,data/processed/generative_256_v1/images/train/000115.png,data/processed/generative_256_v1/labels/train/000115.txt,synthetic/label_010_v1/ablations/no_acoustic/l010_ablation_no_acoustic_000115.png,b1ebd68ea61356425d479e2a83ff1cf0ed9d24857ee8778b67c39fe746cfb899,models/diffusion/ablations/no_acoustic/label_010_v1/best_model,42c96642e1f2bc85a92c34d223a833941f41d22c359bf02a74fd4ddac7c58ac3,1.0,0.3,50,23.69244384765625,False
l010_ablation_no_acoustic_000143,ablation_no_acoustic,no_acoustic,True,False,False,000143,ship,40049,data/processed/generative_256_v1/images/train/000143.png,data/processed/generative_256_v1/labels/train/000143.txt,synthetic/label_010_v1/ablations/no_acoustic/l010_ablation_no_acoustic_000143.png,afd615505dcc7700520aaac3b9cb002cc126110a5b36c39193c507becc00ecb6,models/diffusion/ablations/no_acoustic/label_010_v1/best_model,42c96642e1f2bc85a92c34d223a833941f41d22c359bf02a74fd4ddac7c58ac3,1.0,0.3,50,8.402064005533854,False
l010_ablation_no_acoustic_000150,ablation_no_acoustic,no_acoustic,True,False,False,000150,ship,40050,data/processed/generative_256_v1/images/train/000150.png,data/processed/generative_256_v1/labels/train/000150.txt,synthetic/label_010_v1/ablations/no_acoustic/l010_ablation_no_acoustic_000150.png,286b7645038ac185c90f85294b6fd4462bd500ad349449cda5f8e6d97b87ba36,models/diffusion/ablations/no_acoustic/label_010_v1/best_model,42c96642e1f2bc85a92c34d223a833941f41d22c359bf02a74fd4ddac7c58ac3,1.0,0.3,50,24.724029541015625,False
l010_ablation_no_acoustic_000153,ablation_no_acoustic,no_acoustic,True,False,False,000153,ship,40051,data/processed/generative_256_v1/images/train/000153.png,data/processed/generative_256_v1/labels/train/000153.txt,synthetic/label_010_v1/ablations/no_acoustic/l010_ablation_no_acoustic_000153.png,fd1ddf0907b0707e6411d6c379e45cd692568074d1cc03e974355a9af366a844,models/diffusion/ablations/no_acoustic/label_010_v1/best_model,42c96642e1f2bc85a92c34d223a833941f41d22c359bf02a74fd4ddac7c58ac3,1.0,0.3,50,6.593393961588542,False
l010_ablation_no_acoustic_000160,ablation_no_acoustic,no_acoustic,True,False,False,000160,ship,40052,data/processed/generative_256_v1/images/train/000160.png,data/processed/generative_256_v1/labels/train/000160.txt,synthetic/label_010_v1/ablations/no_acoustic/l010_ablation_no_acoustic_000160.png,73e9acd649f37fbb6a7917e3d753b9b98b4ce4101b72ddc4a4a1240fbcb6742c,models/diffusion/ablations/no_acoustic/label_010_v1/best_model,42c96642e1f2bc85a92c34d223a833941f41d22c359bf02a74fd4ddac7c58ac3,1.0,0.3,50,19.468297322591145,False
l010_ablation_no_acoustic_000164,ablation_no_acoustic,no_acoustic,True,False,False,000164,ship,40053,data/processed/generative_256_v1/images/train/000164.png,data/processed/generative_256_v1/labels/train/000164.txt,synthetic/label_010_v1/ablations/no_acoustic/l010_ablation_no_acoustic_000164.png,47fb00c704a26673c2b7a2e5ecf2ebcbc528b921ddad0a96ce1e10aae329db8c,models/diffusion/ablations/no_acoustic/label_010_v1/best_model,42c96642e1f2bc85a92c34d223a833941f41d22c359bf02a74fd4ddac7c58ac3,1.0,0.3,50,14.097976684570312,False
l010_ablation_no_acoustic_000174,ablation_no_acoustic,no_acoustic,True,False,False,000174,ship,40054,data/processed/generative_256_v1/images/train/000174.png,data/processed/generative_256_v1/labels/train/000174.txt,synthetic/label_010_v1/ablations/no_acoustic/l010_ablation_no_acoustic_000174.png,f86cfb23d60c2a19fa735650e5cb67443d96fd185aa3926711493c4c8337b492,models/diffusion/ablations/no_acoustic/label_010_v1/best_model,42c96642e1f2bc85a92c34d223a833941f41d22c359bf02a74fd4ddac7c58ac3,1.0,0.3,50,7.7519989013671875,False
l010_ablation_no_acoustic_000203,ablation_no_acoustic,no_acoustic,True,False,False,000203,ship,40055,data/processed/generative_256_v1/images/train/000203.png,data/processed/generative_256_v1/labels/train/000203.txt,synthetic/label_010_v1/ablations/no_acoustic/l010_ablation_no_acoustic_000203.png,4987b03dc5424372441401affc5d420044218901b88b7f1cc86fc9caa1e304b3,models/diffusion/ablations/no_acoustic/label_010_v1/best_model,42c96642e1f2bc85a92c34d223a833941f41d22c359bf02a74fd4ddac7c58ac3,1.0,0.3,50,6.7270151774088545,False
l010_ablation_no_acoustic_000232,ablation_no_acoustic,no_acoustic,True,False,False,000232,ship,40056,data/processed/generative_256_v1/images/train/000232.png,data/processed/generative_256_v1/labels/train/000232.txt,synthetic/label_010_v1/ablations/no_acoustic/l010_ablation_no_acoustic_000232.png,13070834b0d45493bffc349e393e81b318a347b07a83552565851b421936ff9c,models/diffusion/ablations/no_acoustic/label_010_v1/best_model,42c96642e1f2bc85a92c34d223a833941f41d22c359bf02a74fd4ddac7c58ac3,1.0,0.3,50,13.720733642578125,False
l010_ablation_no_acoustic_000233,ablation_no_acoustic,no_acoustic,True,False,False,000233,ship,40057,data/processed/generative_256_v1/images/train/000233.png,data/processed/generative_256_v1/labels/train/000233.txt,synthetic/label_010_v1/ablations/no_acoustic/l010_ablation_no_acoustic_000233.png,40b1f1d85e4a4c1c8fc6305d534b5e5c12220bbd8cc5a3556a29717937d0192e,models/diffusion/ablations/no_acoustic/label_010_v1/best_model,42c96642e1f2bc85a92c34d223a833941f41d22c359bf02a74fd4ddac7c58ac3,1.0,0.3,50,13.603174845377604,False
l010_ablation_no_acoustic_000235,ablation_no_acoustic,no_acoustic,True,False,False,000235,ship,40058,data/processed/generative_256_v1/images/train/000235.png,data/processed/generative_256_v1/labels/train/000235.txt,synthetic/label_010_v1/ablations/no_acoustic/l010_ablation_no_acoustic_000235.png,9fc2c622c6abd765879944034cc64c6509d4f7ea3e493a1113801278f75ce603,models/diffusion/ablations/no_acoustic/label_010_v1/best_model,42c96642e1f2bc85a92c34d223a833941f41d22c359bf02a74fd4ddac7c58ac3,1.0,0.3,50,20.550064086914062,False
l010_ablation_no_acoustic_000246,ablation_no_acoustic,no_acoustic,True,False,False,000246,ship,40059,data/processed/generative_256_v1/images/train/000246.png,data/processed/generative_256_v1/labels/train/000246.txt,synthetic/label_010_v1/ablations/no_acoustic/l010_ablation_no_acoustic_000246.png,7ba4623b8f866e7905cb74959d0f5ecdc5c2f161ce9fb1e67a18adcdde10a424,models/diffusion/ablations/no_acoustic/label_010_v1/best_model,42c96642e1f2bc85a92c34d223a833941f41d22c359bf02a74fd4ddac7c58ac3,1.0,0.3,50,9.335301717122396,False
l010_ablation_no_acoustic_000254,ablation_no_acoustic,no_acoustic,True,False,False,000254,ship,40060,data/processed/generative_256_v1/images/train/000254.png,data/processed/generative_256_v1/labels/train/000254.txt,synthetic/label_010_v1/ablations/no_acoustic/l010_ablation_no_acoustic_000254.png,ea094617b565a2093f20222b09a21c47ad47f71e5ab57ff54dce05283bd86a29,models/diffusion/ablations/no_acoustic/label_010_v1/best_model,42c96642e1f2bc85a92c34d223a833941f41d22c359bf02a74fd4ddac7c58ac3,1.0,0.3,50,23.79498291015625,False
l010_ablation_no_acoustic_000268,ablation_no_acoustic,no_acoustic,True,False,False,000268,ship,40061,data/processed/generative_256_v1/images/train/000268.png,data/processed/generative_256_v1/labels/train/000268.txt,synthetic/label_010_v1/ablations/no_acoustic/l010_ablation_no_acoustic_000268.png,c2607d58f857f60d4ec9de79a1febc6ff2900a75e245a80d6eabfa37ae9a754c,models/diffusion/ablations/no_acoustic/label_010_v1/best_model,42c96642e1f2bc85a92c34d223a833941f41d22c359bf02a74fd4ddac7c58ac3,1.0,0.3,50,8.454966227213541,False
l010_ablation_no_acoustic_000346,ablation_no_acoustic,no_acoustic,True,False,False,000346,ship,40062,data/processed/generative_256_v1/images/train/000346.png,data/processed/generative_256_v1/labels/train/000346.txt,synthetic/label_010_v1/ablations/no_acoustic/l010_ablation_no_acoustic_000346.png,c65edd941cf9e257ba11e0b22bcf3ae89c4d38451ee2924cddcde5b8175bfdb2,models/diffusion/ablations/no_acoustic/label_010_v1/best_model,42c96642e1f2bc85a92c34d223a833941f41d22c359bf02a74fd4ddac7c58ac3,1.0,0.3,50,18.80389404296875,False
l010_ablation_no_acoustic_000348,ablation_no_acoustic,no_acoustic,True,False,False,000348,ship,40063,data/processed/generative_256_v1/images/train/000348.png,data/processed/generative_256_v1/labels/train/000348.txt,synthetic/label_010_v1/ablations/no_acoustic/l010_ablation_no_acoustic_000348.png,ab4c7483e6a80f7c2486734087c03e7480cc369c3c55d198ccc9f32c7792f1ef,models/diffusion/ablations/no_acoustic/label_010_v1/best_model,42c96642e1f2bc85a92c34d223a833941f41d22c359bf02a74fd4ddac7c58ac3,1.0,0.3,50,10.13360595703125,False
l010_ablation_no_acoustic_000376,ablation_no_acoustic,no_acoustic,True,False,False,000376,ship,40064,data/processed/generative_256_v1/images/train/000376.png,data/processed/generative_256_v1/labels/train/000376.txt,synthetic/label_010_v1/ablations/no_acoustic/l010_ablation_no_acoustic_000376.png,ece55b51f9fe174e144f735d8607821c67c48f6c715d67a92620c2052e5b2159,models/diffusion/ablations/no_acoustic/label_010_v1/best_model,42c96642e1f2bc85a92c34d223a833941f41d22c359bf02a74fd4ddac7c58ac3,1.0,0.3,50,23.640177408854168,False
l010_ablation_no_acoustic_000385,ablation_no_acoustic,no_acoustic,True,False,False,000385,ship,40065,data/processed/generative_256_v1/images/train/000385.png,data/processed/generative_256_v1/labels/train/000385.txt,synthetic/label_010_v1/ablations/no_acoustic/l010_ablation_no_acoustic_000385.png,f1ed690cf7ebb972c444c5db8aeeaa378957bc039020ab648a4e44daa889413f,models/diffusion/ablations/no_acoustic/label_010_v1/best_model,42c96642e1f2bc85a92c34d223a833941f41d22c359bf02a74fd4ddac7c58ac3,1.0,0.3,50,8.557963053385416,False
l010_ablation_no_acoustic_000420,ablation_no_acoustic,no_acoustic,True,False,False,000420,ship,40066,data/processed/generative_256_v1/images/train/000420.png,data/processed/generative_256_v1/labels/train/000420.txt,synthetic/label_010_v1/ablations/no_acoustic/l010_ablation_no_acoustic_000420.png,36ad9fcc8d1b65af5496fce28127840c53ca5e2a6d4b778f7169789e1fe54732,models/diffusion/ablations/no_acoustic/label_010_v1/best_model,42c96642e1f2bc85a92c34d223a833941f41d22c359bf02a74fd4ddac7c58ac3,1.0,0.3,50,9.076909383138021,False
l010_ablation_no_acoustic_000497,ablation_no_acoustic,no_acoustic,True,False,False,000497,ship,40067,data/processed/generative_256_v1/images/train/000497.png,data/processed/generative_256_v1/labels/train/000497.txt,synthetic/label_010_v1/ablations/no_acoustic/l010_ablation_no_acoustic_000497.png,3763e87dfcfdc94a9323f5e5e338b4c7bf92fa93676cd874d9f7ecb8c1e82468,models/diffusion/ablations/no_acoustic/label_010_v1/best_model,42c96642e1f2bc85a92c34d223a833941f41d22c359bf02a74fd4ddac7c58ac3,1.0,0.3,50,14.671925862630209,False
