method,candidate_id,source_id,class_name,source_image,candidate_image,exact_pixel_copy,mean_absolute_source_difference_255,phase_dx_pixels,phase_dy_pixels,phase_shift_pixels,phase_response,valid_alignment_fraction,lpips_alex_v0_1,aligned_luminance_ssim,aligned_luminance_psnr_db
traditional,l010_traditional_000012,000012,aircraft,D:/Dissertation/Implementation/SCTD_Implementation_Starter/data/processed/generative_256_v1/images/train/000012.png,D:/Dissertation/Implementation/SCTD_Implementation_Starter/synthetic/label_010_v1/traditional/l010_traditional_000012.png,False,9.6441650390625,2.0433877044566344,0.46585403493637045,2.0958180485412017,0.8077315328409895,0.9921875,0.13093151152133942,0.6730036735534668,24.795174917376322
traditional,l010_traditional_000034,000034,aircraft,D:/Dissertation/Implementation/SCTD_Implementation_Starter/data/processed/generative_256_v1/images/train/000034.png,D:/Dissertation/Implementation/SCTD_Implementation_Starter/synthetic/label_010_v1/traditional/l010_traditional_000034.png,False,28.143351236979168,-3.1526869493792162,1.913864390762953,3.688131221501816,0.9060415327548981,0.980560302734375,0.20023877918720245,0.37810376286506653,17.80886049640887
traditional,l010_traditional_000037,000037,aircraft,D:/Dissertation/Implementation/SCTD_Implementation_Starter/data/processed/generative_256_v1/images/train/000037.png,D:/Dissertation/Implementation/SCTD_Implementation_Starter/synthetic/label_010_v1/traditional/l010_traditional_000037.png,False,15.494806925455729,-0.43931939864668834,3.97715198617945,4.001342206709948,0.644416440743953,0.984375,0.11396025121212006,0.538688600063324,21.23828606706354
traditional,l010_traditional_000085,000085,aircraft,D:/Dissertation/Implementation/SCTD_Implementation_Starter/data/processed/generative_256_v1/images/train/000085.png,D:/Dissertation/Implementation/SCTD_Implementation_Starter/synthetic/label_010_v1/traditional/l010_traditional_000085.png,False,14.553197224934896,1.4801054207503341,1.7269006400723441,2.2744005533803398,0.9761814422672614,0.988311767578125,0.11881406605243683,0.8980737924575806,29.475916869714887
traditional,l010_traditional_000101,000101,human,D:/Dissertation/Implementation/SCTD_Implementation_Starter/data/processed/generative_256_v1/images/train/000101.png,D:/Dissertation/Implementation/SCTD_Implementation_Starter/synthetic/label_010_v1/traditional/l010_traditional_000101.png,False,30.88788350423177,-1.1583165666352215,1.3512587907887763,1.7797745891616594,0.7220901374239475,0.9922027587890625,0.18490801751613617,0.30373063683509827,14.893767883733345
traditional,l010_traditional_000112,000112,human,D:/Dissertation/Implementation/SCTD_Implementation_Starter/data/processed/generative_256_v1/images/train/000112.png,D:/Dissertation/Implementation/SCTD_Implementation_Starter/synthetic/label_010_v1/traditional/l010_traditional_000112.png,False,37.18073018391927,-0.2015620965134417,-2.5114108376238278,2.5194863909307608,0.9312959164381027,0.98828125,0.15625086426734924,0.5888019800186157,17.288113997808303
traditional,l010_traditional_000115,000115,human,D:/Dissertation/Implementation/SCTD_Implementation_Starter/data/processed/generative_256_v1/images/train/000115.png,D:/Dissertation/Implementation/SCTD_Implementation_Starter/synthetic/label_010_v1/traditional/l010_traditional_000115.png,False,17.441630045572918,0.11903292994452386,1.1862277183128214,1.192184984851269,0.9704678874695674,0.99609375,0.12424609065055847,0.8179460167884827,22.66129437475474
traditional,l010_traditional_000143,000143,ship,D:/Dissertation/Implementation/SCTD_Implementation_Starter/data/processed/generative_256_v1/images/train/000143.png,D:/Dissertation/Implementation/SCTD_Implementation_Starter/synthetic/label_010_v1/traditional/l010_traditional_000143.png,False,7.578542073567708,-0.7157547451665778,0.4702736395897773,0.8564240487757735,0.989183799829334,0.99609375,0.08018310368061066,0.8475056290626526,26.5805508658315
traditional,l010_traditional_000150,000150,ship,D:/Dissertation/Implementation/SCTD_Implementation_Starter/data/processed/generative_256_v1/images/train/000150.png,D:/Dissertation/Implementation/SCTD_Implementation_Starter/synthetic/label_010_v1/traditional/l010_traditional_000150.png,False,33.1722666422526,0.23140614727438447,2.438562549873083,2.4495175269101233,0.8661451386869885,0.9921875,0.20205095410346985,0.3228888511657715,14.939537148912361
traditional,l010_traditional_000153,000153,ship,D:/Dissertation/Implementation/SCTD_Implementation_Starter/data/processed/generative_256_v1/images/train/000153.png,D:/Dissertation/Implementation/SCTD_Implementation_Starter/synthetic/label_010_v1/traditional/l010_traditional_000153.png,False,6.7470347086588545,-0.5787271234757725,-0.17055132896982172,0.60333476549915,0.730346916243434,0.99609375,0.09021730720996857,0.6973327398300171,26.608507442842036
traditional,l010_traditional_000160,000160,ship,D:/Dissertation/Implementation/SCTD_Implementation_Starter/data/processed/generative_256_v1/images/train/000160.png,D:/Dissertation/Implementation/SCTD_Implementation_Starter/synthetic/label_010_v1/traditional/l010_traditional_000160.png,False,23.729207356770832,0.13244825014209027,-3.0448615766052853,3.047740894441804,0.9906014286680147,0.98828125,0.16935116052627563,0.789253830909729,21.526171170503726
traditional,l010_traditional_000164,000164,ship,D:/Dissertation/Implementation/SCTD_Implementation_Starter/data/processed/generative_256_v1/images/train/000164.png,D:/Dissertation/Implementation/SCTD_Implementation_Starter/synthetic/label_010_v1/traditional/l010_traditional_000164.png,False,15.433247884114584,0.06821756675716983,2.420584469676214,2.4215455418496568,0.6643298964481801,0.9921875,0.16207604110240936,0.34977030754089355,21.00090415829935
traditional,l010_traditional_000174,000174,ship,D:/Dissertation/Implementation/SCTD_Implementation_Starter/data/processed/generative_256_v1/images/train/000174.png,D:/Dissertation/Implementation/SCTD_Implementation_Starter/synthetic/label_010_v1/traditional/l010_traditional_000174.png,False,7.88677978515625,-2.639343887262953,0.5024192256939131,2.6867380284611277,0.8520006311591715,0.9844207763671875,0.08440153300762177,0.8243021965026855,25.69644144694308
traditional,l010_traditional_000203,000203,ship,D:/Dissertation/Implementation/SCTD_Implementation_Starter/data/processed/generative_256_v1/images/train/000203.png,D:/Dissertation/Implementation/SCTD_Implementation_Starter/synthetic/label_010_v1/traditional/l010_traditional_000203.png,False,6.9450531005859375,-1.5384554912014323,-1.5516522620522153,2.185056072676305,0.8466643553692847,0.98443603515625,0.0967467725276947,0.7424155473709106,25.72802014563414
traditional,l010_traditional_000232,000232,ship,D:/Dissertation/Implementation/SCTD_Implementation_Starter/data/processed/generative_256_v1/images/train/000232.png,D:/Dissertation/Implementation/SCTD_Implementation_Starter/synthetic/label_010_v1/traditional/l010_traditional_000232.png,False,20.540369669596355,3.0124011615703807,1.6073981302615294,3.414423744557614,0.9028040784178302,0.980560302734375,0.1727200597524643,0.6574596166610718,18.20950590426888
traditional,l010_traditional_000233,000233,ship,D:/Dissertation/Implementation/SCTD_Implementation_Starter/data/processed/generative_256_v1/images/train/000233.png,D:/Dissertation/Implementation/SCTD_Implementation_Starter/synthetic/label_010_v1/traditional/l010_traditional_000233.png,False,18.3587646484375,2.0408647716874952,-0.8987971648160169,2.2300146546147097,0.965033428161405,0.988311767578125,0.13018201291561127,0.7462965846061707,20.480809570096557
traditional,l010_traditional_000235,000235,ship,D:/Dissertation/Implementation/SCTD_Implementation_Starter/data/processed/generative_256_v1/images/train/000235.png,D:/Dissertation/Implementation/SCTD_Implementation_Starter/synthetic/label_010_v1/traditional/l010_traditional_000235.png,False,27.038101196289062,-1.3074515028658311,-1.7531689527822323,2.187014131034747,0.888127199257724,0.988311767578125,0.1532457172870636,0.49616312980651855,17.33509837621741
traditional,l010_traditional_000246,000246,ship,D:/Dissertation/Implementation/SCTD_Implementation_Starter/data/processed/generative_256_v1/images/train/000246.png,D:/Dissertation/Implementation/SCTD_Implementation_Starter/synthetic/label_010_v1/traditional/l010_traditional_000246.png,False,9.486902872721354,-2.011039550818481,-0.7454848526081435,2.1447675259627514,0.9614480938762426,0.988311767578125,0.13385151326656342,0.7676738500595093,25.47087069363809
traditional,l010_traditional_000254,000254,ship,D:/Dissertation/Implementation/SCTD_Implementation_Starter/data/processed/generative_256_v1/images/train/000254.png,D:/Dissertation/Implementation/SCTD_Implementation_Starter/synthetic/label_010_v1/traditional/l010_traditional_000254.png,False,45.13626607259115,-2.777153251028011,3.1776669357031153,4.220207025011484,0.8313201214186847,0.9766998291015625,0.21808749437332153,0.43221452832221985,15.005427268734623
traditional,l010_traditional_000268,000268,ship,D:/Dissertation/Implementation/SCTD_Implementation_Starter/data/processed/generative_256_v1/images/train/000268.png,D:/Dissertation/Implementation/SCTD_Implementation_Starter/synthetic/label_010_v1/traditional/l010_traditional_000268.png,False,10.645746866861979,1.0553243392966039,1.035755951898878,1.4786817957240712,0.98968151723966,0.9922027587890625,0.11430424451828003,0.8347117900848389,23.837034713105947
traditional,l010_traditional_000346,000346,ship,D:/Dissertation/Implementation/SCTD_Implementation_Starter/data/processed/generative_256_v1/images/train/000346.png,D:/Dissertation/Implementation/SCTD_Implementation_Starter/synthetic/label_010_v1/traditional/l010_traditional_000346.png,False,22.323593139648438,1.769140345026102,-1.2296172741257863,2.1544874567348042,0.9886343176476657,0.988311767578125,0.1275048553943634,0.6109005808830261,20.42627267237104
traditional,l010_traditional_000348,000348,ship,D:/Dissertation/Implementation/SCTD_Implementation_Starter/data/processed/generative_256_v1/images/train/000348.png,D:/Dissertation/Implementation/SCTD_Implementation_Starter/synthetic/label_010_v1/traditional/l010_traditional_000348.png,False,9.855270385742188,-1.9500695052595631,0.11052179919300897,1.953198951320663,0.9315906841075048,0.9921875,0.095468670129776,0.7874605059623718,24.734878382565455
traditional,l010_traditional_000376,000376,ship,D:/Dissertation/Implementation/SCTD_Implementation_Starter/data/processed/generative_256_v1/images/train/000376.png,D:/Dissertation/Implementation/SCTD_Implementation_Starter/synthetic/label_010_v1/traditional/l010_traditional_000376.png,False,29.159525553385418,-3.3223788925434405,-2.0787791689064647,3.9191229042602926,0.6905541643500328,0.980560302734375,0.21130338311195374,0.2522541284561157,17.41309579716224
traditional,l010_traditional_000385,000385,ship,D:/Dissertation/Implementation/SCTD_Implementation_Starter/data/processed/generative_256_v1/images/train/000385.png,D:/Dissertation/Implementation/SCTD_Implementation_Starter/synthetic/label_010_v1/traditional/l010_traditional_000385.png,False,8.3641357421875,-0.8995100612056888,-1.8753210970899943,2.0798912393202396,0.8473975625820458,0.988311767578125,0.11286661028862,0.6576608419418335,24.93337304633593
traditional,l010_traditional_000420,000420,ship,D:/Dissertation/Implementation/SCTD_Implementation_Starter/data/processed/generative_256_v1/images/train/000420.png,D:/Dissertation/Implementation/SCTD_Implementation_Starter/synthetic/label_010_v1/traditional/l010_traditional_000420.png,False,10.795827229817709,-3.0327675696837275,-0.11233434822281652,3.034847300526995,0.7884198691463098,0.98828125,0.13022857904434204,0.5405060052871704,23.723617216004055
traditional,l010_traditional_000497,000497,ship,D:/Dissertation/Implementation/SCTD_Implementation_Starter/data/processed/generative_256_v1/images/train/000497.png,D:/Dissertation/Implementation/SCTD_Implementation_Starter/synthetic/label_010_v1/traditional/l010_traditional_000497.png,False,12.66326904296875,0.06377248272555391,-1.2661934964687305,1.2677984461469773,0.9480090056313202,0.99609375,0.1508171558380127,0.7395693063735962,23.693312715823396
gan,l010_gan_000012,000012,aircraft,D:/Dissertation/Implementation/SCTD_Implementation_Starter/data/processed/generative_256_v1/images/train/000012.png,D:/Dissertation/Implementation/SCTD_Implementation_Starter/synthetic/label_010_v1/gan/l010_gan_000012.png,False,1.714569091796875,0.0016722676491980337,-0.005307740890771129,0.00556494316719571,0.9846765549737029,1.0,0.0048245457001030445,0.9901338219642639,41.6249217441137
gan,l010_gan_000034,000034,aircraft,D:/Dissertation/Implementation/SCTD_Implementation_Starter/data/processed/generative_256_v1/images/train/000034.png,D:/Dissertation/Implementation/SCTD_Implementation_Starter/synthetic/label_010_v1/gan/l010_gan_000034.png,False,3.219273885091146,0.0051323082405190235,0.005836486494928295,0.007772075815454958,0.9938332201272715,1.0,0.003336447523906827,0.9932299852371216,37.39407184930991
gan,l010_gan_000037,000037,aircraft,D:/Dissertation/Implementation/SCTD_Implementation_Starter/data/processed/generative_256_v1/images/train/000037.png,D:/Dissertation/Implementation/SCTD_Implementation_Starter/synthetic/label_010_v1/gan/l010_gan_000037.png,False,2.440831502278646,-0.0025909345974355347,-0.009552234013256111,0.009897379286063325,0.9860089671710739,1.0,0.002646129112690687,0.9831649661064148,39.40847811734895
gan,l010_gan_000085,000085,aircraft,D:/Dissertation/Implementation/SCTD_Implementation_Starter/data/processed/generative_256_v1/images/train/000085.png,D:/Dissertation/Implementation/SCTD_Implementation_Starter/synthetic/label_010_v1/gan/l010_gan_000085.png,False,2.7358194986979165,-0.0028891960391490557,0.008561216795300197,0.009035590006677193,0.9896394170355052,1.0,0.002646589884534478,0.9823423624038696,39.39434006888552
gan,l010_gan_000101,000101,human,D:/Dissertation/Implementation/SCTD_Implementation_Starter/data/processed/generative_256_v1/images/train/000101.png,D:/Dissertation/Implementation/SCTD_Implementation_Starter/synthetic/label_010_v1/gan/l010_gan_000101.png,False,3.226984659830729,0.0023527137893637473,0.005683650692475339,0.0061513532957177585,0.9920507465867558,1.0,0.0022671548649668694,0.993057370185852,37.60046492368279
gan,l010_gan_000112,000112,human,D:/Dissertation/Implementation/SCTD_Implementation_Starter/data/processed/generative_256_v1/images/train/000112.png,D:/Dissertation/Implementation/SCTD_Implementation_Starter/synthetic/label_010_v1/gan/l010_gan_000112.png,False,3.4530232747395835,0.0019562834273187946,0.007379583838115877,0.0076344811527557805,0.9731586896814406,1.0,0.005222506355494261,0.9783738851547241,36.84269192308405
gan,l010_gan_000115,000115,human,D:/Dissertation/Implementation/SCTD_Implementation_Starter/data/processed/generative_256_v1/images/train/000115.png,D:/Dissertation/Implementation/SCTD_Implementation_Starter/synthetic/label_010_v1/gan/l010_gan_000115.png,False,2.978612263997396,0.0005577564178338434,0.013145184789308928,0.013157012402772662,0.982251402689144,1.0,0.0027625856455415487,0.9935122728347778,39.21894808021924
gan,l010_gan_000143,000143,ship,D:/Dissertation/Implementation/SCTD_Implementation_Starter/data/processed/generative_256_v1/images/train/000143.png,D:/Dissertation/Implementation/SCTD_Implementation_Starter/synthetic/label_010_v1/gan/l010_gan_000143.png,False,2.936314900716146,-0.010081714200026681,-0.0014016179743805424,0.010178678409161292,0.9903061485529179,1.0,0.017498105764389038,0.950264036655426,36.93919657446065
gan,l010_gan_000150,000150,ship,D:/Dissertation/Implementation/SCTD_Implementation_Starter/data/processed/generative_256_v1/images/train/000150.png,D:/Dissertation/Implementation/SCTD_Implementation_Starter/synthetic/label_010_v1/gan/l010_gan_000150.png,False,3.2758687337239585,0.00519733276775014,0.010192875029176207,0.011441458353686089,0.9942005938792136,1.0,0.0029024388641119003,0.9831075668334961,36.96654770977753
gan,l010_gan_000153,000153,ship,D:/Dissertation/Implementation/SCTD_Implementation_Starter/data/processed/generative_256_v1/images/train/000153.png,D:/Dissertation/Implementation/SCTD_Implementation_Starter/synthetic/label_010_v1/gan/l010_gan_000153.png,False,2.001490275065104,-0.0062646843976210675,0.0022192049639357947,0.006646137319808711,0.9888862232619431,1.0,0.011340598575770855,0.9617505073547363,40.193082829964354
gan,l010_gan_000160,000160,ship,D:/Dissertation/Implementation/SCTD_Implementation_Starter/data/processed/generative_256_v1/images/train/000160.png,D:/Dissertation/Implementation/SCTD_Implementation_Starter/synthetic/label_010_v1/gan/l010_gan_000160.png,False,1.9754435221354167,-0.0019758550851065593,0.0009739550409619824,0.002202859900029211,0.9955034630984301,1.0,0.002210659207776189,0.9962256550788879,40.42036422868666
gan,l010_gan_000164,000164,ship,D:/Dissertation/Implementation/SCTD_Implementation_Starter/data/processed/generative_256_v1/images/train/000164.png,D:/Dissertation/Implementation/SCTD_Implementation_Starter/synthetic/label_010_v1/gan/l010_gan_000164.png,False,3.2169647216796875,0.004113812297347863,0.01317489345782974,0.01380221972158737,0.9829953697044402,1.0,0.008496229536831379,0.9675174951553345,38.44128883332877
gan,l010_gan_000174,000174,ship,D:/Dissertation/Implementation/SCTD_Implementation_Starter/data/processed/generative_256_v1/images/train/000174.png,D:/Dissertation/Implementation/SCTD_Implementation_Starter/synthetic/label_010_v1/gan/l010_gan_000174.png,False,1.7571461995442708,-0.003925241186323092,-0.002662491004542744,0.004743034547637003,0.9939063497586176,1.0,0.00791675504297018,0.9778398871421814,40.91994702800906
gan,l010_gan_000203,000203,ship,D:/Dissertation/Implementation/SCTD_Implementation_Starter/data/processed/generative_256_v1/images/train/000203.png,D:/Dissertation/Implementation/SCTD_Implementation_Starter/synthetic/label_010_v1/gan/l010_gan_000203.png,False,2.0687408447265625,-0.012571776339939333,-0.012297750132432839,0.017586478290471073,0.9834594751009718,1.0,0.020107319578528404,0.9666399359703064,40.064372926872174
gan,l010_gan_000232,000232,ship,D:/Dissertation/Implementation/SCTD_Implementation_Starter/data/processed/generative_256_v1/images/train/000232.png,D:/Dissertation/Implementation/SCTD_Implementation_Starter/synthetic/label_010_v1/gan/l010_gan_000232.png,False,2.5606231689453125,-0.0038602289944265067,-0.003644806742130413,0.005309047379416612,0.9901365596888354,1.0,0.011483054608106613,0.954277753829956,37.815061239705955
gan,l010_gan_000233,000233,ship,D:/Dissertation/Implementation/SCTD_Implementation_Starter/data/processed/generative_256_v1/images/train/000233.png,D:/Dissertation/Implementation/SCTD_Implementation_Starter/synthetic/label_010_v1/gan/l010_gan_000233.png,False,2.3743998209635415,-0.014213504734641447,-0.004044568112163915,0.014777761943393457,0.9944986796908779,1.0,0.012017067521810532,0.9721843004226685,38.51583762529449
gan,l010_gan_000235,000235,ship,D:/Dissertation/Implementation/SCTD_Implementation_Starter/data/processed/generative_256_v1/images/train/000235.png,D:/Dissertation/Implementation/SCTD_Implementation_Starter/synthetic/label_010_v1/gan/l010_gan_000235.png,False,2.3236897786458335,-0.0010003170552579377,0.006680313535483151,0.0067547926055060575,0.9936216098285513,1.0,0.0019078126642853022,0.9905121326446533,39.700016866440286
gan,l010_gan_000246,000246,ship,D:/Dissertation/Implementation/SCTD_Implementation_Starter/data/processed/generative_256_v1/images/train/000246.png,D:/Dissertation/Implementation/SCTD_Implementation_Starter/synthetic/label_010_v1/gan/l010_gan_000246.png,False,2.432856241861979,0.01376362220382532,0.008764100837836963,0.016317069579596943,0.9850137825123966,1.0,0.009327312000095844,0.972931981086731,37.83834632615613
gan,l010_gan_000254,000254,ship,D:/Dissertation/Implementation/SCTD_Implementation_Starter/data/processed/generative_256_v1/images/train/000254.png,D:/Dissertation/Implementation/SCTD_Implementation_Starter/synthetic/label_010_v1/gan/l010_gan_000254.png,False,3.383087158203125,0.0001298071824322733,0.006189399203677226,0.006190760244678458,0.991296502033947,1.0,0.003995219711214304,0.9787997007369995,37.25539598333411
gan,l010_gan_000268,000268,ship,D:/Dissertation/Implementation/SCTD_Implementation_Starter/data/processed/generative_256_v1/images/train/000268.png,D:/Dissertation/Implementation/SCTD_Implementation_Starter/synthetic/label_010_v1/gan/l010_gan_000268.png,False,2.1543070475260415,-0.0013595495333902363,0.0031364562072582203,0.0034184400643846647,0.9794734755414538,1.0,0.006256347522139549,0.9757847189903259,40.34295825612138
gan,l010_gan_000346,000346,ship,D:/Dissertation/Implementation/SCTD_Implementation_Starter/data/processed/generative_256_v1/images/train/000346.png,D:/Dissertation/Implementation/SCTD_Implementation_Starter/synthetic/label_010_v1/gan/l010_gan_000346.png,False,2.5710347493489585,0.0039499135114198225,-0.006422208592596235,0.0075396670983879505,0.9880356372013921,1.0,0.0027726469561457634,0.9941447973251343,40.469100260629745
gan,l010_gan_000348,000348,ship,D:/Dissertation/Implementation/SCTD_Implementation_Starter/data/processed/generative_256_v1/images/train/000348.png,D:/Dissertation/Implementation/SCTD_Implementation_Starter/synthetic/label_010_v1/gan/l010_gan_000348.png,False,1.7152862548828125,-0.0037829324473648285,0.006012006671255676,0.007103154377918898,0.9942156380711822,1.0,0.0034903399646282196,0.9823765754699707,41.58309701680378
gan,l010_gan_000376,000376,ship,D:/Dissertation/Implementation/SCTD_Implementation_Starter/data/processed/generative_256_v1/images/train/000376.png,D:/Dissertation/Implementation/SCTD_Implementation_Starter/synthetic/label_010_v1/gan/l010_gan_000376.png,False,3.1252848307291665,-0.005224033102138037,0.008056977052333991,0.009602364348121274,0.9940409581904532,1.0,0.004030679352581501,0.9935593008995056,39.203380929760826
gan,l010_gan_000385,000385,ship,D:/Dissertation/Implementation/SCTD_Implementation_Starter/data/processed/generative_256_v1/images/train/000385.png,D:/Dissertation/Implementation/SCTD_Implementation_Starter/synthetic/label_010_v1/gan/l010_gan_000385.png,False,1.9635670979817708,0.00460049534572704,0.008640756963401941,0.009789138793920295,0.9951716981595382,1.0,0.006160261109471321,0.9905709028244019,39.735397421540036
gan,l010_gan_000420,000420,ship,D:/Dissertation/Implementation/SCTD_Implementation_Starter/data/processed/generative_256_v1/images/train/000420.png,D:/Dissertation/Implementation/SCTD_Implementation_Starter/synthetic/label_010_v1/gan/l010_gan_000420.png,False,2.503448486328125,0.0008328138704598587,-0.0002504791038973053,0.0008696658693541602,0.9832389226648957,1.0,0.007746381219476461,0.9790000915527344,40.243608608280766
gan,l010_gan_000497,000497,ship,D:/Dissertation/Implementation/SCTD_Implementation_Starter/data/processed/generative_256_v1/images/train/000497.png,D:/Dissertation/Implementation/SCTD_Implementation_Starter/synthetic/label_010_v1/gan/l010_gan_000497.png,False,3.414581298828125,-0.0036619601997642803,0.008999411456201756,0.0097159332574217,0.9932313674944453,1.0,0.009162256494164467,0.968515157699585,38.214803285558105
standard_diffusion,l010_standard_diffusion_000012,000012,aircraft,D:/Dissertation/Implementation/SCTD_Implementation_Starter/data/processed/generative_256_v1/images/train/000012.png,D:/Dissertation/Implementation/SCTD_Implementation_Starter/synthetic/label_010_v1/standard_diffusion/l010_standard_diffusion_000012.png,False,8.761423746744791,0.070155738999091,-0.02498594295460066,0.07447231069222397,0.7404254945577122,1.0,0.16883987188339233,0.5115922689437866,24.91017059445366
standard_diffusion,l010_standard_diffusion_000034,000034,aircraft,D:/Dissertation/Implementation/SCTD_Implementation_Starter/data/processed/generative_256_v1/images/train/000034.png,D:/Dissertation/Implementation/SCTD_Implementation_Starter/synthetic/label_010_v1/standard_diffusion/l010_standard_diffusion_000034.png,False,21.698694864908855,0.04580247352198796,-0.03669557755992514,0.058689283461198345,0.6619878034107387,1.0,0.1877194494009018,0.4333369731903076,18.21704232842928
standard_diffusion,l010_standard_diffusion_000037,000037,aircraft,D:/Dissertation/Implementation/SCTD_Implementation_Starter/data/processed/generative_256_v1/images/train/000037.png,D:/Dissertation/Implementation/SCTD_Implementation_Starter/synthetic/label_010_v1/standard_diffusion/l010_standard_diffusion_000037.png,False,10.99652099609375,0.0066432463199674885,0.047889892882793106,0.04834847011016129,0.78601706167683,1.0,0.10249592363834381,0.5627781748771667,23.051660735375666
standard_diffusion,l010_standard_diffusion_000085,000085,aircraft,D:/Dissertation/Implementation/SCTD_Implementation_Starter/data/processed/generative_256_v1/images/train/000085.png,D:/Dissertation/Implementation/SCTD_Implementation_Starter/synthetic/label_010_v1/standard_diffusion/l010_standard_diffusion_000085.png,False,11.056615193684896,0.011052100273971632,0.022654565297258955,0.025206710401670693,0.8111943211406469,1.0,0.10363377630710602,0.5653334259986877,23.311794454078697
standard_diffusion,l010_standard_diffusion_000101,000101,human,D:/Dissertation/Implementation/SCTD_Implementation_Starter/data/processed/generative_256_v1/images/train/000101.png,D:/Dissertation/Implementation/SCTD_Implementation_Starter/synthetic/label_010_v1/standard_diffusion/l010_standard_diffusion_000101.png,False,23.859532674153645,-0.006579541349026385,-0.04851137456012111,0.04895552906542747,0.6060446429182775,1.0,0.13380472362041473,0.5442794561386108,16.888954185914752
standard_diffusion,l010_standard_diffusion_000112,000112,human,D:/Dissertation/Implementation/SCTD_Implementation_Starter/data/processed/generative_256_v1/images/train/000112.png,D:/Dissertation/Implementation/SCTD_Implementation_Starter/synthetic/label_010_v1/standard_diffusion/l010_standard_diffusion_000112.png,False,23.517003377278645,-0.012924327482494391,-0.024012261142388525,0.0272695237590432,0.8410128769464791,1.0,0.181080162525177,0.6131076812744141,18.105211124119386
standard_diffusion,l010_standard_diffusion_000115,000115,human,D:/Dissertation/Implementation/SCTD_Implementation_Starter/data/processed/generative_256_v1/images/train/000115.png,D:/Dissertation/Implementation/SCTD_Implementation_Starter/synthetic/label_010_v1/standard_diffusion/l010_standard_diffusion_000115.png,False,21.578893025716145,-0.0586517399979698,-0.03210029073949272,0.0668614632680845,0.7057561506517231,1.0,0.17431791126728058,0.5735195875167847,18.907206890307318
standard_diffusion,l010_standard_diffusion_000143,000143,ship,D:/Dissertation/Implementation/SCTD_Implementation_Starter/data/processed/generative_256_v1/images/train/000143.png,D:/Dissertation/Implementation/SCTD_Implementation_Starter/synthetic/label_010_v1/standard_diffusion/l010_standard_diffusion_000143.png,False,8.291971842447916,0.04192788404257897,-0.09146432283114336,0.10061644900933227,0.7161218977998942,1.0,0.09624546766281128,0.689211368560791,24.258663157298233
standard_diffusion,l010_standard_diffusion_000150,000150,ship,D:/Dissertation/Implementation/SCTD_Implementation_Starter/data/processed/generative_256_v1/images/train/000150.png,D:/Dissertation/Implementation/SCTD_Implementation_Starter/synthetic/label_010_v1/standard_diffusion/l010_standard_diffusion_000150.png,False,24.500508626302082,0.08045198100799666,-0.05313938079234504,0.09641740008476117,0.6206295904121362,1.0,0.1744709312915802,0.5458067059516907,16.60064482087449
standard_diffusion,l010_standard_diffusion_000153,000153,ship,D:/Dissertation/Implementation/SCTD_Implementation_Starter/data/processed/generative_256_v1/images/train/000153.png,D:/Dissertation/Implementation/SCTD_Implementation_Starter/synthetic/label_010_v1/standard_diffusion/l010_standard_diffusion_000153.png,False,6.8971099853515625,0.013738353826838079,0.07259258593785489,0.07388116065017011,0.7200632670428604,1.0,0.09990105032920837,0.6120461821556091,27.004382050531262
standard_diffusion,l010_standard_diffusion_000160,000160,ship,D:/Dissertation/Implementation/SCTD_Implementation_Starter/data/processed/generative_256_v1/images/train/000160.png,D:/Dissertation/Implementation/SCTD_Implementation_Starter/synthetic/label_010_v1/standard_diffusion/l010_standard_diffusion_000160.png,False,18.84240214029948,0.11439517908252128,-0.07762641996313846,0.1382465843108453,0.5968343889107928,1.0,0.12087909132242203,0.5624569058418274,18.505914802664517
standard_diffusion,l010_standard_diffusion_000164,000164,ship,D:/Dissertation/Implementation/SCTD_Implementation_Starter/data/processed/generative_256_v1/images/train/000164.png,D:/Dissertation/Implementation/SCTD_Implementation_Starter/synthetic/label_010_v1/standard_diffusion/l010_standard_diffusion_000164.png,False,14.367838541666666,0.023941431883116593,0.01753314275990192,0.02967496007837269,0.5854788675205782,1.0,0.1711997240781784,0.46596482396125793,21.410613191138033
standard_diffusion,l010_standard_diffusion_000174,000174,ship,D:/Dissertation/Implementation/SCTD_Implementation_Starter/data/processed/generative_256_v1/images/train/000174.png,D:/Dissertation/Implementation/SCTD_Implementation_Starter/synthetic/label_010_v1/standard_diffusion/l010_standard_diffusion_000174.png,False,7.0583953857421875,0.15299029724690172,0.02513328075721688,0.15504100378066582,0.7932362020947039,1.0,0.07927535474300385,0.6601667404174805,25.852306051777635
standard_diffusion,l010_standard_diffusion_000203,000203,ship,D:/Dissertation/Implementation/SCTD_Implementation_Starter/data/processed/generative_256_v1/images/train/000203.png,D:/Dissertation/Implementation/SCTD_Implementation_Starter/synthetic/label_010_v1/standard_diffusion/l010_standard_diffusion_000203.png,False,6.1073760986328125,-0.05560156731937127,0.017736160692678027,0.05836185127707202,0.6833521809894592,1.0,0.11947663873434067,0.6950651407241821,27.36498434525
standard_diffusion,l010_standard_diffusion_000232,000232,ship,D:/Dissertation/Implementation/SCTD_Implementation_Starter/data/processed/generative_256_v1/images/train/000232.png,D:/Dissertation/Implementation/SCTD_Implementation_Starter/synthetic/label_010_v1/standard_diffusion/l010_standard_diffusion_000232.png,False,13.151906331380209,-0.031523373986118486,0.015406786206838774,0.035086923043948,0.7922791350865737,1.0,0.09574738144874573,0.6877571940422058,19.956734371368963
standard_diffusion,l010_standard_diffusion_000233,000233,ship,D:/Dissertation/Implementation/SCTD_Implementation_Starter/data/processed/generative_256_v1/images/train/000233.png,D:/Dissertation/Implementation/SCTD_Implementation_Starter/synthetic/label_010_v1/standard_diffusion/l010_standard_diffusion_000233.png,False,13.377644856770834,0.055364654057129314,0.0002462016053499383,0.055365201472550266,0.7714909393107519,1.0,0.10072644054889679,0.6846743822097778,19.857679444711607
standard_diffusion,l010_standard_diffusion_000235,000235,ship,D:/Dissertation/Implementation/SCTD_Implementation_Starter/data/processed/generative_256_v1/images/train/000235.png,D:/Dissertation/Implementation/SCTD_Implementation_Starter/synthetic/label_010_v1/standard_diffusion/l010_standard_diffusion_000235.png,False,19.856979370117188,-0.014333718484124347,-0.012443099508317346,0.018981206783448078,0.6737659086938947,1.0,0.11515957862138748,0.5622736811637878,17.920636181946097
standard_diffusion,l010_standard_diffusion_000246,000246,ship,D:/Dissertation/Implementation/SCTD_Implementation_Starter/data/processed/generative_256_v1/images/train/000246.png,D:/Dissertation/Implementation/SCTD_Implementation_Starter/synthetic/label_010_v1/standard_diffusion/l010_standard_diffusion_000246.png,False,9.121312459309896,0.0692344949564756,-0.08344601666246376,0.10842810054921383,0.6518389583798125,1.0,0.17755450308322906,0.5692963004112244,23.887761423618198
standard_diffusion,l010_standard_diffusion_000254,000254,ship,D:/Dissertation/Implementation/SCTD_Implementation_Starter/data/processed/generative_256_v1/images/train/000254.png,D:/Dissertation/Implementation/SCTD_Implementation_Starter/synthetic/label_010_v1/standard_diffusion/l010_standard_diffusion_000254.png,False,23.42859395345052,0.04970646806381751,-0.011614655983692046,0.05104540332878979,0.6890618812758476,1.0,0.15752142667770386,0.5999695062637329,17.21894513914952
standard_diffusion,l010_standard_diffusion_000268,000268,ship,D:/Dissertation/Implementation/SCTD_Implementation_Starter/data/processed/generative_256_v1/images/train/000268.png,D:/Dissertation/Implementation/SCTD_Implementation_Starter/synthetic/label_010_v1/standard_diffusion/l010_standard_diffusion_000268.png,False,8.350916544596354,-0.10141799934996243,-0.0665807431700216,0.12132026192364306,0.6974987469147891,1.0,0.12685459852218628,0.6588218808174133,24.490358791512804
standard_diffusion,l010_standard_diffusion_000346,000346,ship,D:/Dissertation/Implementation/SCTD_Implementation_Starter/data/processed/generative_256_v1/images/train/000346.png,D:/Dissertation/Implementation/SCTD_Implementation_Starter/synthetic/label_010_v1/standard_diffusion/l010_standard_diffusion_000346.png,False,18.741358439127605,0.10437663012918108,-0.048854567727261156,0.11524430443601723,0.5439073971938342,1.0,0.1377350091934204,0.5343466401100159,19.291996638241585
standard_diffusion,l010_standard_diffusion_000348,000348,ship,D:/Dissertation/Implementation/SCTD_Implementation_Starter/data/processed/generative_256_v1/images/train/000348.png,D:/Dissertation/Implementation/SCTD_Implementation_Starter/synthetic/label_010_v1/standard_diffusion/l010_standard_diffusion_000348.png,False,9.559687296549479,-0.06851277967666647,-0.02914161181169561,0.0744529013404246,0.7521408027969301,1.0,0.11025972664356232,0.6577129364013672,23.03252492093523
standard_diffusion,l010_standard_diffusion_000376,000376,ship,D:/Dissertation/Implementation/SCTD_Implementation_Starter/data/processed/generative_256_v1/images/train/000376.png,D:/Dissertation/Implementation/SCTD_Implementation_Starter/synthetic/label_010_v1/standard_diffusion/l010_standard_diffusion_000376.png,False,22.889231363932293,0.004292208590541691,0.03109826787144243,0.03139307756797203,0.6458492799429223,1.0,0.16106632351875305,0.44284531474113464,18.159714486085623
standard_diffusion,l010_standard_diffusion_000385,000385,ship,D:/Dissertation/Implementation/SCTD_Implementation_Starter/data/processed/generative_256_v1/images/train/000385.png,D:/Dissertation/Implementation/SCTD_Implementation_Starter/synthetic/label_010_v1/standard_diffusion/l010_standard_diffusion_000385.png,False,8.051411946614584,0.1468571867703048,-0.009668801373749147,0.14717513046059513,0.6921928736846894,1.0,0.14444833993911743,0.5892425775527954,25.49407436572565
standard_diffusion,l010_standard_diffusion_000420,000420,ship,D:/Dissertation/Implementation/SCTD_Implementation_Starter/data/processed/generative_256_v1/images/train/000420.png,D:/Dissertation/Implementation/SCTD_Implementation_Starter/synthetic/label_010_v1/standard_diffusion/l010_standard_diffusion_000420.png,False,9.199717203776041,-0.00017119046455604803,0.05814498575308846,0.05814523776202154,0.5781131519470364,1.0,0.16904303431510925,0.5159611701965332,25.123641500614042
standard_diffusion,l010_standard_diffusion_000497,000497,ship,D:/Dissertation/Implementation/SCTD_Implementation_Starter/data/processed/generative_256_v1/images/train/000497.png,D:/Dissertation/Implementation/SCTD_Implementation_Starter/synthetic/label_010_v1/standard_diffusion/l010_standard_diffusion_000497.png,False,14.190409342447916,-0.04930855082190533,-0.0969830743847524,0.10879820725211807,0.7464631094771903,1.0,0.23576952517032623,0.5268881320953369,21.209474070480407
grounded_diffusion,l010_grounded_diffusion_000012,000012,aircraft,D:/Dissertation/Implementation/SCTD_Implementation_Starter/data/processed/generative_256_v1/images/train/000012.png,D:/Dissertation/Implementation/SCTD_Implementation_Starter/synthetic/label_010_v1/grounded_diffusion/l010_grounded_diffusion_000012.png,False,9.477467854817709,0.14187224217965877,0.08194406987593084,0.16383700341777246,0.6339749350445345,1.0,0.2053173929452896,0.4203606843948364,24.593414080404923
grounded_diffusion,l010_grounded_diffusion_000034,000034,aircraft,D:/Dissertation/Implementation/SCTD_Implementation_Starter/data/processed/generative_256_v1/images/train/000034.png,D:/Dissertation/Implementation/SCTD_Implementation_Starter/synthetic/label_010_v1/grounded_diffusion/l010_grounded_diffusion_000034.png,False,22.529500325520832,0.036281501481497,-0.05504690512461252,0.0659280601379258,0.595023499801755,1.0,0.19472059607505798,0.395044207572937,18.050516220811463
grounded_diffusion,l010_grounded_diffusion_000037,000037,aircraft,D:/Dissertation/Implementation/SCTD_Implementation_Starter/data/processed/generative_256_v1/images/train/000037.png,D:/Dissertation/Implementation/SCTD_Implementation_Starter/synthetic/label_010_v1/grounded_diffusion/l010_grounded_diffusion_000037.png,False,11.785608927408854,0.02949886955018144,-0.02084188026125844,0.0361187939660678,0.7201195801608264,1.0,0.14951744675636292,0.4689481258392334,22.739076493352137
grounded_diffusion,l010_grounded_diffusion_000085,000085,aircraft,D:/Dissertation/Implementation/SCTD_Implementation_Starter/data/processed/generative_256_v1/images/train/000085.png,D:/Dissertation/Implementation/SCTD_Implementation_Starter/synthetic/label_010_v1/grounded_diffusion/l010_grounded_diffusion_000085.png,False,12.068379720052084,0.009584904595755006,0.03660073065005065,0.037834955797876685,0.7285820194520056,1.0,0.14234699308872223,0.4720541834831238,22.775646670396142
grounded_diffusion,l010_grounded_diffusion_000101,000101,human,D:/Dissertation/Implementation/SCTD_Implementation_Starter/data/processed/generative_256_v1/images/train/000101.png,D:/Dissertation/Implementation/SCTD_Implementation_Starter/synthetic/label_010_v1/grounded_diffusion/l010_grounded_diffusion_000101.png,False,24.63427225748698,-0.082330952793086,-0.07326455006071342,0.11020925588813373,0.5553737094160169,1.0,0.16640543937683105,0.4193580746650696,17.089440443504117
grounded_diffusion,l010_grounded_diffusion_000112,000112,human,D:/Dissertation/Implementation/SCTD_Implementation_Starter/data/processed/generative_256_v1/images/train/000112.png,D:/Dissertation/Implementation/SCTD_Implementation_Starter/synthetic/label_010_v1/grounded_diffusion/l010_grounded_diffusion_000112.png,False,23.478098551432293,-0.022197284469939405,0.06949596934882152,0.07295484352372879,0.8620315454900265,1.0,0.19470421969890594,0.5843373537063599,18.235654927832638
grounded_diffusion,l010_grounded_diffusion_000115,000115,human,D:/Dissertation/Implementation/SCTD_Implementation_Starter/data/processed/generative_256_v1/images/train/000115.png,D:/Dissertation/Implementation/SCTD_Implementation_Starter/synthetic/label_010_v1/grounded_diffusion/l010_grounded_diffusion_000115.png,False,21.996139526367188,-0.04182285177415679,-0.04871245349647779,0.06420322465553892,0.6843590317294002,1.0,0.19903187453746796,0.5722783803939819,18.751803648830002
grounded_diffusion,l010_grounded_diffusion_000143,000143,ship,D:/Dissertation/Implementation/SCTD_Implementation_Starter/data/processed/generative_256_v1/images/train/000143.png,D:/Dissertation/Implementation/SCTD_Implementation_Starter/synthetic/label_010_v1/grounded_diffusion/l010_grounded_diffusion_000143.png,False,9.296763102213541,0.051682036808955445,-0.094131414085183,0.1073860142029604,0.7712592944153585,1.0,0.12848448753356934,0.6298739910125732,23.947152330177417
grounded_diffusion,l010_grounded_diffusion_000150,000150,ship,D:/Dissertation/Implementation/SCTD_Implementation_Starter/data/processed/generative_256_v1/images/train/000150.png,D:/Dissertation/Implementation/SCTD_Implementation_Starter/synthetic/label_010_v1/grounded_diffusion/l010_grounded_diffusion_000150.png,False,25.286763509114582,-0.007895685741829084,0.02038857708488706,0.021864032767998334,0.5858238143846393,1.0,0.18717020750045776,0.4896518886089325,16.24432248271654
grounded_diffusion,l010_grounded_diffusion_000153,000153,ship,D:/Dissertation/Implementation/SCTD_Implementation_Starter/data/processed/generative_256_v1/images/train/000153.png,D:/Dissertation/Implementation/SCTD_Implementation_Starter/synthetic/label_010_v1/grounded_diffusion/l010_grounded_diffusion_000153.png,False,6.925262451171875,0.10805136109749469,0.08668367322374593,0.13852492858176232,0.6156266712350771,1.0,0.1813429445028305,0.5718364119529724,27.132286731500663
grounded_diffusion,l010_grounded_diffusion_000160,000160,ship,D:/Dissertation/Implementation/SCTD_Implementation_Starter/data/processed/generative_256_v1/images/train/000160.png,D:/Dissertation/Implementation/SCTD_Implementation_Starter/synthetic/label_010_v1/grounded_diffusion/l010_grounded_diffusion_000160.png,False,19.366048177083332,0.07543813415490774,-0.021474460744286716,0.07843509768612371,0.5860170145169832,1.0,0.13995176553726196,0.48872560262680054,18.228130273835003
grounded_diffusion,l010_grounded_diffusion_000164,000164,ship,D:/Dissertation/Implementation/SCTD_Implementation_Starter/data/processed/generative_256_v1/images/train/000164.png,D:/Dissertation/Implementation/SCTD_Implementation_Starter/synthetic/label_010_v1/grounded_diffusion/l010_grounded_diffusion_000164.png,False,14.442189534505209,-0.012970589216081407,-0.01042044534432307,0.0166379645926523,0.48142296471633017,1.0,0.24319662153720856,0.4467238187789917,21.338469489792015
grounded_diffusion,l010_grounded_diffusion_000174,000174,ship,D:/Dissertation/Implementation/SCTD_Implementation_Starter/data/processed/generative_256_v1/images/train/000174.png,D:/Dissertation/Implementation/SCTD_Implementation_Starter/synthetic/label_010_v1/grounded_diffusion/l010_grounded_diffusion_000174.png,False,7.6452585856119795,0.06713921280933732,0.12568251487664384,0.14249129251422799,0.7116756770992652,1.0,0.10679098963737488,0.6500130891799927,25.349479655570537
grounded_diffusion,l010_grounded_diffusion_000203,000203,ship,D:/Dissertation/Implementation/SCTD_Implementation_Starter/data/processed/generative_256_v1/images/train/000203.png,D:/Dissertation/Implementation/SCTD_Implementation_Starter/synthetic/label_010_v1/grounded_diffusion/l010_grounded_diffusion_000203.png,False,7.173787434895833,-0.11464581823940989,-0.2106166813243533,0.2397979359624849,0.6789740127278492,1.0,0.17335818707942963,0.6022017002105713,26.684009963372798
grounded_diffusion,l010_grounded_diffusion_000232,000232,ship,D:/Dissertation/Implementation/SCTD_Implementation_Starter/data/processed/generative_256_v1/images/train/000232.png,D:/Dissertation/Implementation/SCTD_Implementation_Starter/synthetic/label_010_v1/grounded_diffusion/l010_grounded_diffusion_000232.png,False,14.230143229166666,-0.02808254830759438,-0.04630949465689582,0.05415901416039102,0.7299337977310643,1.0,0.11410444974899292,0.5976834297180176,19.626817899144932
grounded_diffusion,l010_grounded_diffusion_000233,000233,ship,D:/Dissertation/Implementation/SCTD_Implementation_Starter/data/processed/generative_256_v1/images/train/000233.png,D:/Dissertation/Implementation/SCTD_Implementation_Starter/synthetic/label_010_v1/grounded_diffusion/l010_grounded_diffusion_000233.png,False,14.331756591796875,-0.07024452496196432,-0.10628375394051659,0.12739909591052953,0.7014745337655768,1.0,0.12093983590602875,0.5898051261901855,19.758352537286605
grounded_diffusion,l010_grounded_diffusion_000235,000235,ship,D:/Dissertation/Implementation/SCTD_Implementation_Starter/data/processed/generative_256_v1/images/train/000235.png,D:/Dissertation/Implementation/SCTD_Implementation_Starter/synthetic/label_010_v1/grounded_diffusion/l010_grounded_diffusion_000235.png,False,20.996658325195312,0.046277399648815276,0.03683713247417586,0.05914872819576216,0.6459883550414816,1.0,0.13590291142463684,0.4910932183265686,17.80950820013508
grounded_diffusion,l010_grounded_diffusion_000246,000246,ship,D:/Dissertation/Implementation/SCTD_Implementation_Starter/data/processed/generative_256_v1/images/train/000246.png,D:/Dissertation/Implementation/SCTD_Implementation_Starter/synthetic/label_010_v1/grounded_diffusion/l010_grounded_diffusion_000246.png,False,9.728703816731771,0.04678928202470445,0.05066720375813816,0.0689666763666049,0.5866448569577187,1.0,0.2348303198814392,0.5042087435722351,23.43867197483098
grounded_diffusion,l010_grounded_diffusion_000254,000254,ship,D:/Dissertation/Implementation/SCTD_Implementation_Starter/data/processed/generative_256_v1/images/train/000254.png,D:/Dissertation/Implementation/SCTD_Implementation_Starter/synthetic/label_010_v1/grounded_diffusion/l010_grounded_diffusion_000254.png,False,24.578236897786457,-0.037313457519985604,-0.0790584414017701,0.08742157210307354,0.6925767550710589,1.0,0.16409553587436676,0.5960238575935364,16.953957539299488
grounded_diffusion,l010_grounded_diffusion_000268,000268,ship,D:/Dissertation/Implementation/SCTD_Implementation_Starter/data/processed/generative_256_v1/images/train/000268.png,D:/Dissertation/Implementation/SCTD_Implementation_Starter/synthetic/label_010_v1/grounded_diffusion/l010_grounded_diffusion_000268.png,False,9.199483235677084,-0.12682790752919004,-0.04888526210564237,0.13592309214909046,0.660883876204025,1.0,0.17916357517242432,0.596744954586029,23.929759129758047
grounded_diffusion,l010_grounded_diffusion_000346,000346,ship,D:/Dissertation/Implementation/SCTD_Implementation_Starter/data/processed/generative_256_v1/images/train/000346.png,D:/Dissertation/Implementation/SCTD_Implementation_Starter/synthetic/label_010_v1/grounded_diffusion/l010_grounded_diffusion_000346.png,False,19.535064697265625,0.09124968844533043,0.026937929332376598,0.09514282778058462,0.4674147201003507,1.0,0.1449802964925766,0.44629865884780884,18.977667693577406
grounded_diffusion,l010_grounded_diffusion_000348,000348,ship,D:/Dissertation/Implementation/SCTD_Implementation_Starter/data/processed/generative_256_v1/images/train/000348.png,D:/Dissertation/Implementation/SCTD_Implementation_Starter/synthetic/label_010_v1/grounded_diffusion/l010_grounded_diffusion_000348.png,False,10.468022664388021,-0.061651581318130866,0.026717868641199516,0.06719197856704694,0.6609121332876384,1.0,0.12959057092666626,0.5779950022697449,22.476272615111732
grounded_diffusion,l010_grounded_diffusion_000376,000376,ship,D:/Dissertation/Implementation/SCTD_Implementation_Starter/data/processed/generative_256_v1/images/train/000376.png,D:/Dissertation/Implementation/SCTD_Implementation_Starter/synthetic/label_010_v1/grounded_diffusion/l010_grounded_diffusion_000376.png,False,24.363057454427082,-0.042502261843935685,0.01603526717593695,0.045426556718005294,0.6150152446934953,1.0,0.20534393191337585,0.3939971327781677,17.717559983825556
grounded_diffusion,l010_grounded_diffusion_000385,000385,ship,D:/Dissertation/Implementation/SCTD_Implementation_Starter/data/processed/generative_256_v1/images/train/000385.png,D:/Dissertation/Implementation/SCTD_Implementation_Starter/synthetic/label_010_v1/grounded_diffusion/l010_grounded_diffusion_000385.png,False,8.854812622070312,-0.05488432927998588,0.10174126219679636,0.11560092574850418,0.5991842509247363,1.0,0.20050491392612457,0.5278376340866089,24.95682422915219
grounded_diffusion,l010_grounded_diffusion_000420,000420,ship,D:/Dissertation/Implementation/SCTD_Implementation_Starter/data/processed/generative_256_v1/images/train/000420.png,D:/Dissertation/Implementation/SCTD_Implementation_Starter/synthetic/label_010_v1/grounded_diffusion/l010_grounded_diffusion_000420.png,False,9.469813028971354,0.029298071116059532,0.05515939685575688,0.06245747379307431,0.5186407375149429,1.0,0.2486584186553955,0.47536614537239075,25.112184588649683
grounded_diffusion,l010_grounded_diffusion_000497,000497,ship,D:/Dissertation/Implementation/SCTD_Implementation_Starter/data/processed/generative_256_v1/images/train/000497.png,D:/Dissertation/Implementation/SCTD_Implementation_Starter/synthetic/label_010_v1/grounded_diffusion/l010_grounded_diffusion_000497.png,False,14.539255777994791,-0.03967041684015271,0.08500648943405054,0.09380749020293006,0.7034985969075933,1.0,0.3078681230545044,0.5170881748199463,21.006763547213836
