candidate_id,method,source_id,class_name,seed,source_image,source_label,candidate_image,candidate_label,candidate_sha256,candidate_label_sha256,object_count,angle_degrees,scale,translation_x_pixels,translation_y_pixels,intensity_gain,gamma,mean_absolute_source_difference_255,exact_pixel_copy,annotation_policy,decision,approved,phase_response,phase_shift_pixels,minimum_target_ncc,minimum_target_edge_ratio,maximum_target_edge_ratio,target_contrast_polarity_ok,rejection_reasons
l010_traditional_000012,traditional,000012,aircraft,42,data/processed/generative_256_v1/images/train/000012.png,data/processed/generative_256_v1/labels/train/000012.txt,synthetic/label_010_v1/traditional/l010_traditional_000012.png,synthetic/label_010_v1/traditional/labels/l010_traditional_000012.txt,bb566209a760eda3293db3013207cb0e7339e1c25231232337480a40670277a0,42c2922a2456c9b353cb27a58b7bb492b00111c37b695ba1ece41b4d745cb184,1,0.82186814566789,0.9987775687950411,2.151587519468295,1.1842081743561836,0.9513012817465178,1.0380497881309405,9.6441650390625,False,affine-transform all four box corners then axis-align and clip,retain_source_box,True,0.80902037,2.09189104,0.90920115,0.68305546,0.68305546,True,
l010_traditional_000034,traditional,000034,aircraft,43,data/processed/generative_256_v1/images/train/000034.png,data/processed/generative_256_v1/labels/train/000034.txt,synthetic/label_010_v1/traditional/l010_traditional_000034.png,synthetic/label_010_v1/traditional/labels/l010_traditional_000034.txt,9082f5f61c4c5b0821ca48c2d579fc0ca359dbf9077cff45d7637ddfb7f29364,812bfa6e40c4408f7272696bc107aad85cb23eaa2849638fdc16d98803bc60bf,1,0.45689778810273207,0.9908755064727799,-2.879822478754699,2.0352754950661804,1.010457165710567,0.9779764184162899,28.143351236979168,False,affine-transform all four box corners then axis-align and clip,retain_source_box,True,0.90624263,3.68727787,0.86889827,0.74875075,0.74875075,True,
l010_traditional_000037,traditional,000037,aircraft,44,data/processed/generative_256_v1/images/train/000037.png,data/processed/generative_256_v1/labels/train/000037.txt,synthetic/label_010_v1/traditional/l010_traditional_000037.png,synthetic/label_010_v1/traditional/labels/l010_traditional_000037.txt,76aae95cf27fa0d53dbe04a29336f0c7f8f7204728063eb00493235e163bb15a,eb0eed52cb133281e3cc847c2e20abf7307301c5393d26120dc28c48e7d4133b,1,-1.1323034709783852,0.9951622614954555,-0.5653756330732134,2.8151036888665324,0.959478054974268,1.0285834938845417,15.494806925455729,False,affine-transform all four box corners then axis-align and clip,retain_source_box,True,0.90292767,3.49808537,0.94352943,0.85090810,0.85090810,True,
l010_traditional_000085,traditional,000085,aircraft,45,data/processed/generative_256_v1/images/train/000085.png,data/processed/generative_256_v1/labels/train/000085.txt,synthetic/label_010_v1/traditional/l010_traditional_000085.png,synthetic/label_010_v1/traditional/labels/l010_traditional_000085.txt,6736557f4c951fb02460fcee70d0bb5281020a977c42b20aa2810a4a1b692ca7,16268a265f7febf5d5c8740ebfd6f9ede2f183a43bf0c3330cf6af77aceb1c96,1,0.21939197084251694,1.0005698229034041,1.5819014388115562,1.8701566020576426,1.001227462624087,1.022347173791823,14.553197224934896,False,affine-transform all four box corners then axis-align and clip,retain_source_box,True,0.97798671,2.27142624,0.95884842,0.86642659,0.86642659,True,
l010_traditional_000101,traditional,000101,human,46,data/processed/generative_256_v1/images/train/000101.png,data/processed/generative_256_v1/labels/train/000101.txt,synthetic/label_010_v1/traditional/l010_traditional_000101.png,synthetic/label_010_v1/traditional/labels/l010_traditional_000101.txt,44f2d857d3a156ad531f8ca5814e2f485787cce5528dfaac8173c751d6676b2a,73930df761e79901b4cc094e20a72831abe3c0dad093137ff2980e1d38a7097f,1,1.2168128300709364,0.9915445358642349,-1.3645814644881735,0.7311028934767982,1.0520834089947237,0.9667957429551021,30.88788350423177,False,affine-transform all four box corners then axis-align and clip,retain_source_box,True,0.72245356,1.78043261,0.68042308,0.76602221,0.76602221,True,
l010_traditional_000112,traditional,000112,human,47,data/processed/generative_256_v1/images/train/000112.png,data/processed/generative_256_v1/labels/train/000112.txt,synthetic/label_010_v1/traditional/l010_traditional_000112.png,synthetic/label_010_v1/traditional/labels/l010_traditional_000112.txt,201446f58817e51556a29b63efd0e949651c6e4ef119dff9dff67973200640bb,888630fc8d545828c3b6db50f18355b394c272e6101184e722a0434f2a7f2899,1,0.7254059839276819,1.0050733763423922,-0.208916770623099,-2.377649822112648,1.056022221979088,0.9856600256703425,37.18073018391927,False,affine-transform all four box corners then axis-align and clip,retain_source_box,True,0.93051539,2.51483999,0.91980785,0.85853916,0.85853916,True,
l010_traditional_000115,traditional,000115,human,48,data/processed/generative_256_v1/images/train/000115.png,data/processed/generative_256_v1/labels/train/000115.txt,synthetic/label_010_v1/traditional/l010_traditional_000115.png,synthetic/label_010_v1/traditional/labels/l010_traditional_000115.txt,567b7250720f23ff9148987959947322febe9e75b40febfe1958497b18fd7dbe,deb9974646cc6c49e793178f26b34a911906986445aaebecf5b7289118bc96b0,1,-0.33690038314321624,1.0019154698005868,0.08280327032406021,1.1669514240444148,1.018299609970407,1.029049344414075,17.441630045572918,False,affine-transform all four box corners then axis-align and clip,retain_source_box,True,0.96931231,1.19244973,0.93847954,0.79780143,0.79780143,True,
l010_traditional_000143,traditional,000143,ship,49,data/processed/generative_256_v1/images/train/000143.png,data/processed/generative_256_v1/labels/train/000143.txt,synthetic/label_010_v1/traditional/l010_traditional_000143.png,synthetic/label_010_v1/traditional/labels/l010_traditional_000143.txt,30b7eabafdb312ea6ebcf8c7bba74af6240075634c3af7407d15c46d4a5c5393,230ad12d965ddb1fdcc561093a3e026129e1af1f669065297d3a16c43c72aaf6,1,-0.4114374231715914,1.0018643452033946,-0.6482987282148782,0.7421957140596809,1.0186977611268528,0.9610868689342416,7.578542073567708,False,affine-transform all four box corners then axis-align and clip,retain_source_box,True,0.98937123,0.85557439,0.87404782,0.77434635,0.77434635,True,
l010_traditional_000150,traditional,000150,ship,50,data/processed/generative_256_v1/images/train/000150.png,data/processed/generative_256_v1/labels/train/000150.txt,synthetic/label_010_v1/traditional/l010_traditional_000150.png,synthetic/label_010_v1/traditional/labels/l010_traditional_000150.txt,8a07ec5bba88e7a5b6dce476c41686b4b0e033bc993a4486180fde1f18c36eb5,da9b1efa0ed8617f57a76a0bcaacf78925e7003ad45ef071170331ea126fddc9,1,0.8622680756598706,1.0066733866916717,0.28742676110535026,2.8406945768406775,0.9684200269494831,1.0117538674600175,33.1722666422526,False,affine-transform all four box corners then axis-align and clip,retain_source_box,True,0.86499109,2.45060420,0.55075639,0.59641486,0.59641486,True,
l010_traditional_000153,traditional,000153,ship,51,data/processed/generative_256_v1/images/train/000153.png,data/processed/generative_256_v1/labels/train/000153.txt,synthetic/label_010_v1/traditional/l010_traditional_000153.png,synthetic/label_010_v1/traditional/labels/l010_traditional_000153.txt,70d7da7c85c57bdee0d6a1d10285bfd2aa6f626ce350ec9d323f98739b6653b8,c8f3e7f8332e1a0f03e828be27cb677204c98009e8b952b69b17767c51fb8fb4,1,1.3273235888112502,0.9961427672157748,-1.4705601935138526,-1.6642888500586743,1.0343445064823051,0.9773366435781639,6.7470347086588545,False,affine-transform all four box corners then axis-align and clip,retain_source_box,True,0.73197433,0.60868092,0.86211902,0.73578793,0.73578793,True,
l010_traditional_000160,traditional,000160,ship,52,data/processed/generative_256_v1/images/train/000160.png,data/processed/generative_256_v1/labels/train/000160.txt,synthetic/label_010_v1/traditional/l010_traditional_000160.png,synthetic/label_010_v1/traditional/labels/l010_traditional_000160.txt,4856248742ae76da7770bf20522ea8bd6b94e08bb32d7425a64597f84d91aef4,851e66cdc99263a25837a6bec31a11d9add8de9a82a033762271fade65b2793e,1,0.34728886440729845,1.0014845259127059,0.1172614751395713,-2.9616627509810787,1.0060350871089752,1.0374670745851036,23.729207356770832,False,affine-transform all four box corners then axis-align and clip,retain_source_box,True,0.99036956,3.04838673,0.90443546,0.82377154,0.82377154,True,
l010_traditional_000164,traditional,000164,ship,53,data/processed/generative_256_v1/images/train/000164.png,data/processed/generative_256_v1/labels/train/000164.txt,synthetic/label_010_v1/traditional/l010_traditional_000164.png,synthetic/label_010_v1/traditional/labels/l010_traditional_000164.txt,488d16cb62775d9bd4b11d11197c07ea71b0d9889a0fc3a416f252187013b78f,03999824e5bc91369567f8f80478b3f95221dddd7ea1f25a8457199aecbe4a5c,1,-1.4666190163072013,1.004378213075354,-1.0132368530940288,2.598531981720159,0.9525789729142392,1.0133149312088354,15.433247884114584,False,affine-transform all four box corners then axis-align and clip,retain_source_box,True,0.66601036,2.42186697,0.92890555,0.75668669,0.75668669,True,
l010_traditional_000174,traditional,000174,ship,54,data/processed/generative_256_v1/images/train/000174.png,data/processed/generative_256_v1/labels/train/000174.txt,synthetic/label_010_v1/traditional/l010_traditional_000174.png,synthetic/label_010_v1/traditional/labels/l010_traditional_000174.txt,4b1c16c3716b41843deff7629c673dc597d764e9cc5e11a0b30eec8694d4cddd,23afd966b1d34e7b183b92d518b62760b1d139a38e80f36f6366ba6c0bdbe5f7,1,-0.8326453659843147,1.000371599417659,-2.522076168321542,0.46463825859150276,0.9503344465818128,0.9964231581914084,7.88677978515625,False,affine-transform all four box corners then axis-align and clip,retain_source_box,True,0.85354319,2.68852442,0.85401422,0.73200232,0.73200232,True,
l010_traditional_000203,traditional,000203,ship,55,data/processed/generative_256_v1/images/train/000203.png,data/processed/generative_256_v1/labels/train/000203.txt,synthetic/label_010_v1/traditional/l010_traditional_000203.png,synthetic/label_010_v1/traditional/labels/l010_traditional_000203.txt,d8792e97f7f5d34a7f9682add715910e780876d3562d7f03c727f326e0d3014b,79e374551c9b07bdc745def92b47e5bbb0d13e1d961d42171ec687760deebba7,1,0.9967565503648519,1.007412912234327,-1.6898286069442625,-1.619417096328268,0.9991291719094542,1.0202578323211453,6.9450531005859375,False,affine-transform all four box corners then axis-align and clip,retain_source_box,True,0.84935777,2.18175545,0.80112094,0.78571153,0.78571153,True,
l010_traditional_000232,traditional,000232,ship,56,data/processed/generative_256_v1/images/train/000232.png,data/processed/generative_256_v1/labels/train/000232.txt,synthetic/label_010_v1/traditional/l010_traditional_000232.png,synthetic/label_010_v1/traditional/labels/l010_traditional_000232.txt,bd1177573f598d77d79ac3892af8e533686c1fe1112c9f5f31cac5af023cbf20,72cdb5d6ddb71fbffffe3091b06bf19570075ed0a382146d826b478e6c62f096,1,0.6783781498906203,0.9903380562895728,2.8848064066156542,1.3476252727428015,1.0053054590811261,0.9788496273813614,20.540369669596355,False,affine-transform all four box corners then axis-align and clip,retain_source_box,True,0.90371232,3.41463027,0.64925045,0.63539463,0.63539463,True,
l010_traditional_000233,traditional,000233,ship,57,data/processed/generative_256_v1/images/train/000233.png,data/processed/generative_256_v1/labels/train/000233.txt,synthetic/label_010_v1/traditional/l010_traditional_000233.png,synthetic/label_010_v1/traditional/labels/l010_traditional_000233.txt,41610bd1ac62a15e92a6016d08ed5d1969da899973e00442f0c3d04c0156153e,a444cfa8430c2d16c6cbce673a59f2238fd9d385c71dbcb712bbdd4d5ef98a75,1,0.5525001094666253,0.9993662393643513,2.04740201851127,-0.9580811528478499,0.9872585903461958,0.9725153587688904,18.3587646484375,False,affine-transform all four box corners then axis-align and clip,retain_source_box,True,0.96497551,2.23014978,0.79921949,0.70684671,0.70684671,True,
l010_traditional_000235,traditional,000235,ship,58,data/processed/generative_256_v1/images/train/000235.png,data/processed/generative_256_v1/labels/train/000235.txt,synthetic/label_010_v1/traditional/l010_traditional_000235.png,synthetic/label_010_v1/traditional/labels/l010_traditional_000235.txt,fe4db8f932da1432c048272f34ee7d6ffbb7c0f6457bd2cce64558f813bc1bfb,c94cc9ffd314e337ec5cc95891160297378e851a0206e525f14eb83822aaf1a0,1,-0.5729645983012657,1.0075966721846155,-1.541451287056729,-1.7494772063078454,1.0414975519836425,0.9712458379749479,27.038101196289062,False,affine-transform all four box corners then axis-align and clip,retain_source_box,True,0.88903200,2.18763786,0.74930584,0.68558198,0.68558198,True,
l010_traditional_000246,traditional,000246,ship,59,data/processed/generative_256_v1/images/train/000246.png,data/processed/generative_256_v1/labels/train/000246.txt,synthetic/label_010_v1/traditional/l010_traditional_000246.png,synthetic/label_010_v1/traditional/labels/l010_traditional_000246.txt,5cfd5dc134e0e0aa02434edb86391fcd9a414aa27b8b2def4c93a88701378df2,2582d1d83873869602361a9fce52f1bb06de0c72b4870ccff4f9c8c61dec2ef8,1,0.26324147599909287,1.0065213233639767,-2.2983373185165004,-0.7354223479458843,0.9623514820171952,0.972822608054899,9.486902872721354,False,affine-transform all four box corners then axis-align and clip,retain_source_box,True,0.96208867,2.14754010,0.86810863,0.67545813,0.67545813,True,
l010_traditional_000254,traditional,000254,ship,60,data/processed/generative_256_v1/images/train/000254.png,data/processed/generative_256_v1/labels/train/000254.txt,synthetic/label_010_v1/traditional/l010_traditional_000254.png,synthetic/label_010_v1/traditional/labels/l010_traditional_000254.txt,121d80f0843d5d74f483ec496a1edda3615e87c0dfaa8890ef8123cfb034f9c2,85626213506c1c3555f0962290ee34b36f5a21ecdee2a7b6adde09199f089ab1,1,-0.5271485618961705,0.9905429278379001,-2.67167467534666,2.942949127809279,1.0435947950821094,1.0040424134762589,45.13626607259115,False,affine-transform all four box corners then axis-align and clip,retain_source_box,True,0.83116552,4.22095455,0.86977106,0.72430730,0.72430730,True,
l010_traditional_000268,traditional,000268,ship,61,data/processed/generative_256_v1/images/train/000268.png,data/processed/generative_256_v1/labels/train/000268.txt,synthetic/label_010_v1/traditional/l010_traditional_000268.png,synthetic/label_010_v1/traditional/labels/l010_traditional_000268.txt,b2bc5e8a95f0dfee6e720e31c585c4d4df416a881de8f6250d87dae92622c02c,0b6f35a6bb623a1578807ade1c72e2cd69b29e22d55c1756c71a51cb366fd4ee,1,-0.37687715136707656,1.0054387123638453,1.026858621003389,1.2549290192439475,0.9920503351792714,1.039781485438813,10.645746866861979,False,affine-transform all four box corners then axis-align and clip,retain_source_box,True,0.98958045,1.48060119,0.76209694,0.69438642,0.69438642,True,
l010_traditional_000346,traditional,000346,ship,62,data/processed/generative_256_v1/images/train/000346.png,data/processed/generative_256_v1/labels/train/000346.txt,synthetic/label_010_v1/traditional/l010_traditional_000346.png,synthetic/label_010_v1/traditional/labels/l010_traditional_000346.txt,1b0b5b1f8174351a82c8ea2c1773f61409f355c4a94f3f81194752043626d28c,0095448a77e8cfcd64a6b8ce8d684603a9ffc3256a138a1f34d3413b32046c44,1,0.3279605005734947,1.0049554660803035,1.6841843060278343,-1.2728680243288035,1.0231883695009358,1.034085820737461,22.323593139648438,False,affine-transform all four box corners then axis-align and clip,retain_source_box,True,0.98866580,2.15297600,0.82163250,0.76935440,0.76935440,True,
l010_traditional_000348,traditional,000348,ship,63,data/processed/generative_256_v1/images/train/000348.png,data/processed/generative_256_v1/labels/train/000348.txt,synthetic/label_010_v1/traditional/l010_traditional_000348.png,synthetic/label_010_v1/traditional/labels/l010_traditional_000348.txt,7ded25e252786f2e00b316566ca7d1fa9c4df49d675eb43d8edcd22afe414004,973fb2ef61316874a1c2b594cf18ce2840d9fa79661cd55533c9190046cfbafe,1,0.180238115686703,1.0098451773771926,-1.8198757419405809,0.03172567333569987,0.964045493031877,0.9737862484652963,9.855270385742188,False,affine-transform all four box corners then axis-align and clip,retain_source_box,True,0.93181552,1.95280631,0.94349980,0.72250050,0.72250050,True,
l010_traditional_000376,traditional,000376,ship,64,data/processed/generative_256_v1/images/train/000376.png,data/processed/generative_256_v1/labels/train/000376.txt,synthetic/label_010_v1/traditional/l010_traditional_000376.png,synthetic/label_010_v1/traditional/labels/l010_traditional_000376.txt,0055b4f01e18438da06e4ff74a974650bf6c3e80f6cdecf4eaf3acbe005100bf,253678320613f576c84790f4c39b3d289f52fb383b23262b866b660c64b23eb4,1,1.3304803582212106,1.0004667925828148,-2.605734375425736,-1.0886473310631068,1.0430100914146905,0.9667646961644535,29.159525553385418,False,affine-transform all four box corners then axis-align and clip,retain_source_box,True,0.69039624,3.92209404,0.77000678,0.74927604,0.74927604,True,
l010_traditional_000385,traditional,000385,ship,65,data/processed/generative_256_v1/images/train/000385.png,data/processed/generative_256_v1/labels/train/000385.txt,synthetic/label_010_v1/traditional/l010_traditional_000385.png,synthetic/label_010_v1/traditional/labels/l010_traditional_000385.txt,71e31752a364636b2cb1ae0cc35d22afcc7163f61fac48766d4d1cce130a80d4,5b42e825e5f8fbe75c44395bf373da8baa3dc7b1496e64502b09f3969ff6d286,1,-1.3578255436095867,1.0003644435507917,-0.7508486197722348,-1.627928860116432,1.05300678319018,1.0075601237529734,8.3641357421875,False,affine-transform all four box corners then axis-align and clip,retain_source_box,True,0.84722161,2.07980388,0.73470902,0.81904584,0.81904584,True,
l010_traditional_000420,traditional,000420,ship,66,data/processed/generative_256_v1/images/train/000420.png,data/processed/generative_256_v1/labels/train/000420.txt,synthetic/label_010_v1/traditional/l010_traditional_000420.png,synthetic/label_010_v1/traditional/labels/l010_traditional_000420.txt,8c42620c2e3395b0d9cced6508df77eafc5f66f243b3f963887af2d66862cb84,f14802dc8fec455b2039e7f58a7dd8887cf2279a38bf5d2a72d5df959d62cf7c,1,1.2712016338077943,1.0038563626224866,-2.5623913426243052,0.7455228325874232,0.9967022916253028,1.027921500446583,10.795827229817709,False,affine-transform all four box corners then axis-align and clip,retain_source_box,True,0.78738430,3.04005785,0.81764585,0.76798540,0.76798540,True,
l010_traditional_000497,traditional,000497,ship,67,data/processed/generative_256_v1/images/train/000497.png,data/processed/generative_256_v1/labels/train/000497.txt,synthetic/label_010_v1/traditional/l010_traditional_000497.png,synthetic/label_010_v1/traditional/labels/l010_traditional_000497.txt,435995b9eb754a60520bda46865c2184827552fc07c27b0b809a3179600855d9,473bf9c521f4f1415cbaaa7b9c2febcd3dcdb2721e2abde57bdc22d55b8f7dca,1,-0.25700550029324276,0.9925387660440015,0.08391021487021622,-1.2165442691888526,1.0117644342425016,0.9945016440875653,12.66326904296875,False,affine-transform all four box corners then axis-align and clip,retain_source_box,True,0.94808123,1.26614992,0.94537443,0.80334395,0.80334395,True,
