candidate_id,method,source_id,class_name,seed,source_image,source_label,candidate_image,candidate_sha256,checkpoint,checkpoint_sha256,sampling_selection_report,guidance_scale,source_strength,inference_steps,mean_absolute_source_difference_255,exact_pixel_copy
l010_standard_diffusion_000012,standard_diffusion,000012,aircraft,20042,data/processed/generative_256_v1/images/train/000012.png,data/processed/generative_256_v1/labels/train/000012.txt,synthetic/label_010_v1/standard_diffusion/l010_standard_diffusion_000012.png,b037ab8fb3dbe04eb5dad9986a427d84f071d38de05f4ac255b3cc615672c515,models/diffusion/standard/label_010_v1/best_model,857479a72fd1e3447bfae56d21ab087220a8ade85c1444aa92acf20682dc459e,results/full/label_010_v1/diffusion_sampling_selection/selection_report.json,1.0,0.3,50,8.761423746744791,False
l010_standard_diffusion_000034,standard_diffusion,000034,aircraft,20043,data/processed/generative_256_v1/images/train/000034.png,data/processed/generative_256_v1/labels/train/000034.txt,synthetic/label_010_v1/standard_diffusion/l010_standard_diffusion_000034.png,5857eb1f754e90c4afa9f78ea5a323ff99f5ca21ce4af5d22e80e8a94adcde7e,models/diffusion/standard/label_010_v1/best_model,857479a72fd1e3447bfae56d21ab087220a8ade85c1444aa92acf20682dc459e,results/full/label_010_v1/diffusion_sampling_selection/selection_report.json,1.0,0.3,50,21.698694864908855,False
l010_standard_diffusion_000037,standard_diffusion,000037,aircraft,20044,data/processed/generative_256_v1/images/train/000037.png,data/processed/generative_256_v1/labels/train/000037.txt,synthetic/label_010_v1/standard_diffusion/l010_standard_diffusion_000037.png,e2a926ad2edcd88e7f556d9d8fb5f19ec01df039deb9e3002d6f014c28ec1da8,models/diffusion/standard/label_010_v1/best_model,857479a72fd1e3447bfae56d21ab087220a8ade85c1444aa92acf20682dc459e,results/full/label_010_v1/diffusion_sampling_selection/selection_report.json,1.0,0.3,50,10.99652099609375,False
l010_standard_diffusion_000085,standard_diffusion,000085,aircraft,20045,data/processed/generative_256_v1/images/train/000085.png,data/processed/generative_256_v1/labels/train/000085.txt,synthetic/label_010_v1/standard_diffusion/l010_standard_diffusion_000085.png,b0e9c43a304cc122a333bed6c4b95f92f1e2e8d6a7a388e0bbed22170d0007b3,models/diffusion/standard/label_010_v1/best_model,857479a72fd1e3447bfae56d21ab087220a8ade85c1444aa92acf20682dc459e,results/full/label_010_v1/diffusion_sampling_selection/selection_report.json,1.0,0.3,50,11.056615193684896,False
l010_standard_diffusion_000101,standard_diffusion,000101,human,20046,data/processed/generative_256_v1/images/train/000101.png,data/processed/generative_256_v1/labels/train/000101.txt,synthetic/label_010_v1/standard_diffusion/l010_standard_diffusion_000101.png,9b95a3c258feccbd9814dfe4e4ce98768b34cb135c196334aa9981ae417dd770,models/diffusion/standard/label_010_v1/best_model,857479a72fd1e3447bfae56d21ab087220a8ade85c1444aa92acf20682dc459e,results/full/label_010_v1/diffusion_sampling_selection/selection_report.json,1.0,0.3,50,23.859532674153645,False
l010_standard_diffusion_000112,standard_diffusion,000112,human,20047,data/processed/generative_256_v1/images/train/000112.png,data/processed/generative_256_v1/labels/train/000112.txt,synthetic/label_010_v1/standard_diffusion/l010_standard_diffusion_000112.png,8113554dd9924853127bd4cdf12f22ad9883f99ce537095c2b82470a90e304c0,models/diffusion/standard/label_010_v1/best_model,857479a72fd1e3447bfae56d21ab087220a8ade85c1444aa92acf20682dc459e,results/full/label_010_v1/diffusion_sampling_selection/selection_report.json,1.0,0.3,50,23.517003377278645,False
l010_standard_diffusion_000115,standard_diffusion,000115,human,20048,data/processed/generative_256_v1/images/train/000115.png,data/processed/generative_256_v1/labels/train/000115.txt,synthetic/label_010_v1/standard_diffusion/l010_standard_diffusion_000115.png,fd381395354215f98403f22324770ea21fe07a1e5e7d1d4d81732623c8b8cc4a,models/diffusion/standard/label_010_v1/best_model,857479a72fd1e3447bfae56d21ab087220a8ade85c1444aa92acf20682dc459e,results/full/label_010_v1/diffusion_sampling_selection/selection_report.json,1.0,0.3,50,21.578893025716145,False
l010_standard_diffusion_000143,standard_diffusion,000143,ship,20049,data/processed/generative_256_v1/images/train/000143.png,data/processed/generative_256_v1/labels/train/000143.txt,synthetic/label_010_v1/standard_diffusion/l010_standard_diffusion_000143.png,44df3f5f01f5456d13ba0fdb89642c4c03586370b6553b0c1ba7c29d8813e351,models/diffusion/standard/label_010_v1/best_model,857479a72fd1e3447bfae56d21ab087220a8ade85c1444aa92acf20682dc459e,results/full/label_010_v1/diffusion_sampling_selection/selection_report.json,1.0,0.3,50,8.291971842447916,False
l010_standard_diffusion_000150,standard_diffusion,000150,ship,20050,data/processed/generative_256_v1/images/train/000150.png,data/processed/generative_256_v1/labels/train/000150.txt,synthetic/label_010_v1/standard_diffusion/l010_standard_diffusion_000150.png,309c38d489c25f6a0c5bfb0b59808d2d275f1bd6b9d90c2a1c3d5258f200160a,models/diffusion/standard/label_010_v1/best_model,857479a72fd1e3447bfae56d21ab087220a8ade85c1444aa92acf20682dc459e,results/full/label_010_v1/diffusion_sampling_selection/selection_report.json,1.0,0.3,50,24.500508626302082,False
l010_standard_diffusion_000153,standard_diffusion,000153,ship,20051,data/processed/generative_256_v1/images/train/000153.png,data/processed/generative_256_v1/labels/train/000153.txt,synthetic/label_010_v1/standard_diffusion/l010_standard_diffusion_000153.png,53a6d8c892ae11ab87530714d5eef29862ce5a80211c0a2d0bdc0aa6c9ec42f1,models/diffusion/standard/label_010_v1/best_model,857479a72fd1e3447bfae56d21ab087220a8ade85c1444aa92acf20682dc459e,results/full/label_010_v1/diffusion_sampling_selection/selection_report.json,1.0,0.3,50,6.8971099853515625,False
l010_standard_diffusion_000160,standard_diffusion,000160,ship,20052,data/processed/generative_256_v1/images/train/000160.png,data/processed/generative_256_v1/labels/train/000160.txt,synthetic/label_010_v1/standard_diffusion/l010_standard_diffusion_000160.png,cea0dbf1304a17e6344f1509d49d4cba8561635b5520dfa4ae25ff931074ee75,models/diffusion/standard/label_010_v1/best_model,857479a72fd1e3447bfae56d21ab087220a8ade85c1444aa92acf20682dc459e,results/full/label_010_v1/diffusion_sampling_selection/selection_report.json,1.0,0.3,50,18.84240214029948,False
l010_standard_diffusion_000164,standard_diffusion,000164,ship,20053,data/processed/generative_256_v1/images/train/000164.png,data/processed/generative_256_v1/labels/train/000164.txt,synthetic/label_010_v1/standard_diffusion/l010_standard_diffusion_000164.png,34335b4d8b4f59a881c5ed185b1159ecac642fab51f0d12b01bea622accf6f21,models/diffusion/standard/label_010_v1/best_model,857479a72fd1e3447bfae56d21ab087220a8ade85c1444aa92acf20682dc459e,results/full/label_010_v1/diffusion_sampling_selection/selection_report.json,1.0,0.3,50,14.367838541666666,False
l010_standard_diffusion_000174,standard_diffusion,000174,ship,20054,data/processed/generative_256_v1/images/train/000174.png,data/processed/generative_256_v1/labels/train/000174.txt,synthetic/label_010_v1/standard_diffusion/l010_standard_diffusion_000174.png,b8682415a13a538bc8639a8cc4e7d39e18e04e33ada09e4933470d21e08a9949,models/diffusion/standard/label_010_v1/best_model,857479a72fd1e3447bfae56d21ab087220a8ade85c1444aa92acf20682dc459e,results/full/label_010_v1/diffusion_sampling_selection/selection_report.json,1.0,0.3,50,7.0583953857421875,False
l010_standard_diffusion_000203,standard_diffusion,000203,ship,20055,data/processed/generative_256_v1/images/train/000203.png,data/processed/generative_256_v1/labels/train/000203.txt,synthetic/label_010_v1/standard_diffusion/l010_standard_diffusion_000203.png,7bce0e7c3280c11221a4f7d45deecbad6af33993fd303879dfd1cdfd74d427d8,models/diffusion/standard/label_010_v1/best_model,857479a72fd1e3447bfae56d21ab087220a8ade85c1444aa92acf20682dc459e,results/full/label_010_v1/diffusion_sampling_selection/selection_report.json,1.0,0.3,50,6.1073760986328125,False
l010_standard_diffusion_000232,standard_diffusion,000232,ship,20056,data/processed/generative_256_v1/images/train/000232.png,data/processed/generative_256_v1/labels/train/000232.txt,synthetic/label_010_v1/standard_diffusion/l010_standard_diffusion_000232.png,9a08f4784f511ff37ce0a780bc94709ebafa3de60ae0793d3f98e379ffc6bfe6,models/diffusion/standard/label_010_v1/best_model,857479a72fd1e3447bfae56d21ab087220a8ade85c1444aa92acf20682dc459e,results/full/label_010_v1/diffusion_sampling_selection/selection_report.json,1.0,0.3,50,13.151906331380209,False
l010_standard_diffusion_000233,standard_diffusion,000233,ship,20057,data/processed/generative_256_v1/images/train/000233.png,data/processed/generative_256_v1/labels/train/000233.txt,synthetic/label_010_v1/standard_diffusion/l010_standard_diffusion_000233.png,24d473bc510a86ecf63af9c9c3fc1285a2ef31a9ba7fb9e6df5a08a0fd7f4f36,models/diffusion/standard/label_010_v1/best_model,857479a72fd1e3447bfae56d21ab087220a8ade85c1444aa92acf20682dc459e,results/full/label_010_v1/diffusion_sampling_selection/selection_report.json,1.0,0.3,50,13.377644856770834,False
l010_standard_diffusion_000235,standard_diffusion,000235,ship,20058,data/processed/generative_256_v1/images/train/000235.png,data/processed/generative_256_v1/labels/train/000235.txt,synthetic/label_010_v1/standard_diffusion/l010_standard_diffusion_000235.png,ac455d91519f79e6611d6b93fc9f5c677b20786ee9f8faa14d581c49d6d8afca,models/diffusion/standard/label_010_v1/best_model,857479a72fd1e3447bfae56d21ab087220a8ade85c1444aa92acf20682dc459e,results/full/label_010_v1/diffusion_sampling_selection/selection_report.json,1.0,0.3,50,19.856979370117188,False
l010_standard_diffusion_000246,standard_diffusion,000246,ship,20059,data/processed/generative_256_v1/images/train/000246.png,data/processed/generative_256_v1/labels/train/000246.txt,synthetic/label_010_v1/standard_diffusion/l010_standard_diffusion_000246.png,7f8c8a0f8e5acb26ebdec504de7101525fdb929b41cc7911bd340b406c6b0000,models/diffusion/standard/label_010_v1/best_model,857479a72fd1e3447bfae56d21ab087220a8ade85c1444aa92acf20682dc459e,results/full/label_010_v1/diffusion_sampling_selection/selection_report.json,1.0,0.3,50,9.121312459309896,False
l010_standard_diffusion_000254,standard_diffusion,000254,ship,20060,data/processed/generative_256_v1/images/train/000254.png,data/processed/generative_256_v1/labels/train/000254.txt,synthetic/label_010_v1/standard_diffusion/l010_standard_diffusion_000254.png,ad31bdadc75c0f0a66545cb47a18bc0ca6875193036cf27c36aff9d69d993708,models/diffusion/standard/label_010_v1/best_model,857479a72fd1e3447bfae56d21ab087220a8ade85c1444aa92acf20682dc459e,results/full/label_010_v1/diffusion_sampling_selection/selection_report.json,1.0,0.3,50,23.42859395345052,False
l010_standard_diffusion_000268,standard_diffusion,000268,ship,20061,data/processed/generative_256_v1/images/train/000268.png,data/processed/generative_256_v1/labels/train/000268.txt,synthetic/label_010_v1/standard_diffusion/l010_standard_diffusion_000268.png,d4ce548d38b9f5f1ed54275444732dd67fbab72de464217cf301b1d363bacb44,models/diffusion/standard/label_010_v1/best_model,857479a72fd1e3447bfae56d21ab087220a8ade85c1444aa92acf20682dc459e,results/full/label_010_v1/diffusion_sampling_selection/selection_report.json,1.0,0.3,50,8.350916544596354,False
l010_standard_diffusion_000346,standard_diffusion,000346,ship,20062,data/processed/generative_256_v1/images/train/000346.png,data/processed/generative_256_v1/labels/train/000346.txt,synthetic/label_010_v1/standard_diffusion/l010_standard_diffusion_000346.png,73a88eac88881f7b9de995fea1140457abf49b5df1098827b2dcf3209c1f1157,models/diffusion/standard/label_010_v1/best_model,857479a72fd1e3447bfae56d21ab087220a8ade85c1444aa92acf20682dc459e,results/full/label_010_v1/diffusion_sampling_selection/selection_report.json,1.0,0.3,50,18.741358439127605,False
l010_standard_diffusion_000348,standard_diffusion,000348,ship,20063,data/processed/generative_256_v1/images/train/000348.png,data/processed/generative_256_v1/labels/train/000348.txt,synthetic/label_010_v1/standard_diffusion/l010_standard_diffusion_000348.png,f4e266356e42a7f2fc374aeb90fd1270d3708a3fd045ded7f8da1f9784a62dab,models/diffusion/standard/label_010_v1/best_model,857479a72fd1e3447bfae56d21ab087220a8ade85c1444aa92acf20682dc459e,results/full/label_010_v1/diffusion_sampling_selection/selection_report.json,1.0,0.3,50,9.559687296549479,False
l010_standard_diffusion_000376,standard_diffusion,000376,ship,20064,data/processed/generative_256_v1/images/train/000376.png,data/processed/generative_256_v1/labels/train/000376.txt,synthetic/label_010_v1/standard_diffusion/l010_standard_diffusion_000376.png,8c95a5ff67e7de93b351d1bee21c0fa2959d4c44b7b3ece243984e747fae7b9a,models/diffusion/standard/label_010_v1/best_model,857479a72fd1e3447bfae56d21ab087220a8ade85c1444aa92acf20682dc459e,results/full/label_010_v1/diffusion_sampling_selection/selection_report.json,1.0,0.3,50,22.889231363932293,False
l010_standard_diffusion_000385,standard_diffusion,000385,ship,20065,data/processed/generative_256_v1/images/train/000385.png,data/processed/generative_256_v1/labels/train/000385.txt,synthetic/label_010_v1/standard_diffusion/l010_standard_diffusion_000385.png,aa1e2e687133e5541404d7b415e29d1e9a565beeea6b7aa79d859368feb5ff94,models/diffusion/standard/label_010_v1/best_model,857479a72fd1e3447bfae56d21ab087220a8ade85c1444aa92acf20682dc459e,results/full/label_010_v1/diffusion_sampling_selection/selection_report.json,1.0,0.3,50,8.051411946614584,False
l010_standard_diffusion_000420,standard_diffusion,000420,ship,20066,data/processed/generative_256_v1/images/train/000420.png,data/processed/generative_256_v1/labels/train/000420.txt,synthetic/label_010_v1/standard_diffusion/l010_standard_diffusion_000420.png,5ce007a7e766ad2d58f1e1ea2f166113483aa81937aa52076fd347696f79c4de,models/diffusion/standard/label_010_v1/best_model,857479a72fd1e3447bfae56d21ab087220a8ade85c1444aa92acf20682dc459e,results/full/label_010_v1/diffusion_sampling_selection/selection_report.json,1.0,0.3,50,9.199717203776041,False
l010_standard_diffusion_000497,standard_diffusion,000497,ship,20067,data/processed/generative_256_v1/images/train/000497.png,data/processed/generative_256_v1/labels/train/000497.txt,synthetic/label_010_v1/standard_diffusion/l010_standard_diffusion_000497.png,2d5d80ac7f46bff0e5c5f7f33a214592436e60b7e7d65a99bf876635a9a75c35,models/diffusion/standard/label_010_v1/best_model,857479a72fd1e3447bfae56d21ab087220a8ade85c1444aa92acf20682dc459e,results/full/label_010_v1/diffusion_sampling_selection/selection_report.json,1.0,0.3,50,14.190409342447916,False
