image_id,class_name,object_count,sha256,split,image_path,annotation_path
000002,aircraft,1,f1f50667e9bbd88f95c857835986d692b96d25190e97b6b2464bcf5e4b2652ed,train,data/raw/SCTD/JPEGImages/000002.jpg,data/raw/SCTD/Annotations/000002.xml
000006,aircraft,1,490796e47df2cc3001331a78ab6e3f2a41b1b83185a5460457612f87287538aa,test,data/raw/SCTD/JPEGImages/000006.jpg,data/raw/SCTD/Annotations/000006.xml
000007,aircraft,1,530bdfc80a18fe0e7433dc9b70b6f6840a54a4e38596bb7873d0343adbd2ab85,val,data/raw/SCTD/JPEGImages/000007.jpg,data/raw/SCTD/Annotations/000007.xml
000008,aircraft,1,21ea90c2c8a8381398c9384bbf93e52ea41c650aea1809654552ec48c98efd11,train,data/raw/SCTD/JPEGImages/000008.jpg,data/raw/SCTD/Annotations/000008.xml
000010,aircraft,1,f10b21464434ad80ca00eca945e5a5e6e35d4ff45bddf6d3a3f311c1ca2005a5,train,data/raw/SCTD/JPEGImages/000010.jpg,data/raw/SCTD/Annotations/000010.xml
000012,aircraft,1,a64ca5b9c6895c3159851734a98a5e30c75a6f35e54f8e3630a3f612ecb9e47a,train,data/raw/SCTD/JPEGImages/000012.jpg,data/raw/SCTD/Annotations/000012.xml
000013,aircraft,1,f1814498966767ad0090606485e6f64155679263deff15075f65735bb8ddbd6b,val,data/raw/SCTD/JPEGImages/000013.jpg,data/raw/SCTD/Annotations/000013.xml
000014,aircraft,1,c3cea64a7a03931c109682e5f54665eaf31f7197b821f6b36e4e15058b04f571,test,data/raw/SCTD/JPEGImages/000014.jpg,data/raw/SCTD/Annotations/000014.xml
000017,aircraft,1,819b4c7c94c3262c7af2894137d48ec9f1f585f7279dda6e8c8fe525479a4d1c,test,data/raw/SCTD/JPEGImages/000017.jpg,data/raw/SCTD/Annotations/000017.xml
000018,aircraft,1,d50bb0ca874a817e272b073cf2e5e0a89655eb54489928589cd95a5d64563f80,train,data/raw/SCTD/JPEGImages/000018.jpg,data/raw/SCTD/Annotations/000018.xml
000020,aircraft,1,388195932a398023b775f404066836bd9e50828881a23b7a86727b7dc5658d90,train,data/raw/SCTD/JPEGImages/000020.jpg,data/raw/SCTD/Annotations/000020.xml
000023,aircraft,1,f818a136e395620e95e7828f7a8bea6b7b3ad1427ad0f74b82934cb812874c97,train,data/raw/SCTD/JPEGImages/000023.jpg,data/raw/SCTD/Annotations/000023.xml
000024,aircraft,1,41933749591ddeba412608763c824497cdc273daf880d98909caf63ff222b461,train,data/raw/SCTD/JPEGImages/000024.jpg,data/raw/SCTD/Annotations/000024.xml
000026,aircraft,1,1469ad22cc52ff8f471ac9b27278f0119122e30a3063414d6f3574c445be3984,val,data/raw/SCTD/JPEGImages/000026.jpg,data/raw/SCTD/Annotations/000026.xml
000027,aircraft,1,b17b76cc553fb7046e4dcd4eb41914396eaf0df0c3c4d71751a2650676d38c4d,test,data/raw/SCTD/JPEGImages/000027.jpg,data/raw/SCTD/Annotations/000027.xml
000029,aircraft,1,96a79e27e17548a59c85cce98fa8363ae1f01114e4d21ac6a126ced8af52eaf0,test,data/raw/SCTD/JPEGImages/000029.jpg,data/raw/SCTD/Annotations/000029.xml
000032,aircraft,1,474143628bc0b32b5c7880437372f890f2577b5e922deae8ce2107c82647cda3,train,data/raw/SCTD/JPEGImages/000032.jpg,data/raw/SCTD/Annotations/000032.xml
000033,aircraft,1,2d8376ac59e6ee83f48228ecd4cd14f53294e0fbec333960f0ad5552014b65a1,test,data/raw/SCTD/JPEGImages/000033.jpg,data/raw/SCTD/Annotations/000033.xml
000034,aircraft,1,e71c15f3797639686728e67ce59c4ce382ff70df9bf88f48f44d4e346b11c207,train,data/raw/SCTD/JPEGImages/000034.jpg,data/raw/SCTD/Annotations/000034.xml
000037,aircraft,1,54631bfc36bb1ea906317f48a91f803243da92a8ae7df4e68a9dfd0cb201b926,train,data/raw/SCTD/JPEGImages/000037.jpg,data/raw/SCTD/Annotations/000037.xml
000038,aircraft,1,d854668ee0509b22ef12465dc390cec7d9aacacf944d0152220bab6d159568d6,train,data/raw/SCTD/JPEGImages/000038.jpg,data/raw/SCTD/Annotations/000038.xml
000039,aircraft,1,1cf7b8cee44058532b41eb8e450eb271222c658eea03acf52ba8332257f95428,train,data/raw/SCTD/JPEGImages/000039.jpg,data/raw/SCTD/Annotations/000039.xml
000040,aircraft,1,5a42024d2584996f0f143e78421a9e89bf8c7817b972a5b8b7a13758f794e185,train,data/raw/SCTD/JPEGImages/000040.jpg,data/raw/SCTD/Annotations/000040.xml
000041,aircraft,1,faef73003423aea13171c9723d6503e906a0d34e7585c398cc3ca4a68db8e7e8,train,data/raw/SCTD/JPEGImages/000041.jpg,data/raw/SCTD/Annotations/000041.xml
000044,aircraft,1,2449c6912a9465110985dc47aafca19760063e89a8af6e409a266c3a113ac684,train,data/raw/SCTD/JPEGImages/000044.jpg,data/raw/SCTD/Annotations/000044.xml
000045,aircraft,1,2033a184c5e30740035a819251e0e9a7379f8c61553baafd9b91b86ddf2e1ce9,train,data/raw/SCTD/JPEGImages/000045.jpg,data/raw/SCTD/Annotations/000045.xml
000046,aircraft,1,e6c559ba057510f91c95a418f0824625b4f74c14b1c32aa9bf35ca45bd7080f8,train,data/raw/SCTD/JPEGImages/000046.jpg,data/raw/SCTD/Annotations/000046.xml
000051,aircraft,1,24768ef2285f97143b0cd2a05220dc00b872a6e7146722f08422b8aa3f92ad6c,train,data/raw/SCTD/JPEGImages/000051.jpg,data/raw/SCTD/Annotations/000051.xml
000054,aircraft,1,f1c0aa7731b102ab25f311893021c986724732fe1a8615a7d1cdbcb13b73dddb,train,data/raw/SCTD/JPEGImages/000054.jpg,data/raw/SCTD/Annotations/000054.xml
000055,aircraft,1,3602977fcd89c37fdf4946e6b41e38d4c869c348fb8a9ae2c8c76d05646fdc4d,train,data/raw/SCTD/JPEGImages/000055.jpg,data/raw/SCTD/Annotations/000055.xml
000056,aircraft,1,4017f3cf851299673952fd2f0a232b93bbba8c03ce11168418f2cc32a46e0645,train,data/raw/SCTD/JPEGImages/000056.jpg,data/raw/SCTD/Annotations/000056.xml
000057,aircraft,1,86b1d049dcf44cd2fe969f5d6a23b1935025b72534beb35c8a763a39035e370d,train,data/raw/SCTD/JPEGImages/000057.jpg,data/raw/SCTD/Annotations/000057.xml
000058,aircraft,1,4daa01a6f6a139fbdcf071687d0537462282ad308f421f41f86f95eee30f435c,val,data/raw/SCTD/JPEGImages/000058.jpg,data/raw/SCTD/Annotations/000058.xml
000059,aircraft,1,14327cfbae526100e41b40a25fc0d85fc4afda7d92487c7919971d28155df253,train,data/raw/SCTD/JPEGImages/000059.jpg,data/raw/SCTD/Annotations/000059.xml
000060,aircraft,1,873112d460ce187c7b2e105fe6a17bca9d489e435192f1d1c03f1159f28b3009,val,data/raw/SCTD/JPEGImages/000060.jpg,data/raw/SCTD/Annotations/000060.xml
000061,aircraft,1,bc015b012436f32c8f2a74c77dab43f70d1cc3d358395648d3fa18fdb553ff9c,train,data/raw/SCTD/JPEGImages/000061.jpg,data/raw/SCTD/Annotations/000061.xml
000063,aircraft,1,0d1d6de456f1fbb7486f549377bcdb8ee120ed97e4489b7e099767446ceb4697,train,data/raw/SCTD/JPEGImages/000063.jpg,data/raw/SCTD/Annotations/000063.xml
000065,aircraft,1,acb15e31fa4ddeb841477caf5f9ba345bce982bc8aeced7b2e74d250332a34bc,val,data/raw/SCTD/JPEGImages/000065.jpg,data/raw/SCTD/Annotations/000065.xml
000066,aircraft,1,674a98d0bc4fb5bd260bcacec6c61ec5a2da357ff6395de535118a13d9b0f3dd,train,data/raw/SCTD/JPEGImages/000066.jpg,data/raw/SCTD/Annotations/000066.xml
000068,aircraft,1,02f15121ff4a93ad17d5f4a25fd52ad88448e481a4f7a15fed8fed10358c2cfe,train,data/raw/SCTD/JPEGImages/000068.jpg,data/raw/SCTD/Annotations/000068.xml
000069,aircraft,1,e4a2dcdf240fc825fb35d60035e83f3af5b97a25427e86621824641bcc6eee36,val,data/raw/SCTD/JPEGImages/000069.jpg,data/raw/SCTD/Annotations/000069.xml
000070,aircraft,1,d857ce703d2bc66dd10e4e7781807c4833eb8344d1aab180eaab68054b2d13fd,train,data/raw/SCTD/JPEGImages/000070.jpg,data/raw/SCTD/Annotations/000070.xml
000071,aircraft,1,6be339664dd612040ef0761d60b2d55668bdf7d3c50b72c636308e5e5e63a842,train,data/raw/SCTD/JPEGImages/000071.jpg,data/raw/SCTD/Annotations/000071.xml
000073,aircraft,1,a03fce969fa16227ee0d9d3832d97c404e9da05f39a38f02decedaca6b8d2277,val,data/raw/SCTD/JPEGImages/000073.jpg,data/raw/SCTD/Annotations/000073.xml
000074,aircraft,1,b7af6cb5fcfe18f8d68e9a94786cfba69b0e5a4becf5e2ebaaca94fbbbb9f129,val,data/raw/SCTD/JPEGImages/000074.jpg,data/raw/SCTD/Annotations/000074.xml
000075,aircraft,1,8bb48de18ad8980c5aa67c7509bb9e5d0f3d403056d621796e13d8879635fa3f,train,data/raw/SCTD/JPEGImages/000075.jpg,data/raw/SCTD/Annotations/000075.xml
000076,aircraft,1,4ed8d8ac04036787abfc163cb7ce998161380ef85422f25969a32a8501597d87,train,data/raw/SCTD/JPEGImages/000076.jpg,data/raw/SCTD/Annotations/000076.xml
000077,aircraft,1,3829ca63936d69073f7e523a88d1172a29a54fa6a9fd755a4cd227d462ec067c,test,data/raw/SCTD/JPEGImages/000077.jpg,data/raw/SCTD/Annotations/000077.xml
000078,aircraft,1,11b5fd5114a62fe85c27f4e59f09675e2484e4ead93b2d913ebdfd0c06d1bd57,train,data/raw/SCTD/JPEGImages/000078.jpg,data/raw/SCTD/Annotations/000078.xml
000079,aircraft,1,d43428e0f99fa2cdb278357c1a729330d907309608f60320d6338c29c65ff4aa,train,data/raw/SCTD/JPEGImages/000079.jpg,data/raw/SCTD/Annotations/000079.xml
000080,aircraft,1,5ef0c2457747c9e17af1aa4412fe1c9f3b3e56af2bfda2bd3cdcae983f766619,train,data/raw/SCTD/JPEGImages/000080.jpg,data/raw/SCTD/Annotations/000080.xml
000081,aircraft,1,41ec666565aa723d0139477cfef11ce9535b64fab0e4f038cb3e3536b8e978f5,train,data/raw/SCTD/JPEGImages/000081.jpg,data/raw/SCTD/Annotations/000081.xml
000085,aircraft,1,c112d3783bcc5e2f2e0f06262c13d74d0b477eeb8dcc3b340cb39f67426a546e,train,data/raw/SCTD/JPEGImages/000085.jpg,data/raw/SCTD/Annotations/000085.xml
000086,aircraft,1,fcc8afd4764e8ba31bad515c296b8dcd275672790b5179738686795d371a6180,test,data/raw/SCTD/JPEGImages/000086.jpg,data/raw/SCTD/Annotations/000086.xml
000088,aircraft,1,67cac4621e70159658364f8c02e57988748761808ec42c559d8c9365a97eff19,train,data/raw/SCTD/JPEGImages/000088.jpg,data/raw/SCTD/Annotations/000088.xml
000089,aircraft,1,e6884d88b9b1db42b722dfa5b5af4bac65a6854895f312abd069f2fb4b4703ea,train,data/raw/SCTD/JPEGImages/000089.jpg,data/raw/SCTD/Annotations/000089.xml
000090,aircraft,1,2fdb89761dae450b534967a698e931d7dadfd43c719cda1175d0d417d260f913,train,data/raw/SCTD/JPEGImages/000090.jpg,data/raw/SCTD/Annotations/000090.xml
000091,human,1,022b79c8af8e3118966fbd06caa17404e56606d0373ad72c5e02b869111653c4,train,data/raw/SCTD/JPEGImages/000091.jpg,data/raw/SCTD/Annotations/000091.xml
000092,human,1,44e6b7f240a975a94ff52a359447fcf6da72fcd037fefeb0f638c729a8cb1410,val,data/raw/SCTD/JPEGImages/000092.jpg,data/raw/SCTD/Annotations/000092.xml
000093,human,1,11e51c9205f95d8bf8f661e7da7639f00e68b5acbe025bda6f0831e790191416,train,data/raw/SCTD/JPEGImages/000093.jpg,data/raw/SCTD/Annotations/000093.xml
000094,human,1,221eb61a8eac2ac96708b3de4cbb3cfeb9358a54ea759d202e8c3f6e7319e828,val,data/raw/SCTD/JPEGImages/000094.jpg,data/raw/SCTD/Annotations/000094.xml
000095,human,1,5ad466639c5faca19ff77caab7ad8c1c0c0cbb5eaaa6e8eff79499bfe3ec8052,test,data/raw/SCTD/JPEGImages/000095.jpg,data/raw/SCTD/Annotations/000095.xml
000096,human,1,124a317d64dc7e886942d960b63787e211ca60efb227c8dd5c68dae6d31e0083,train,data/raw/SCTD/JPEGImages/000096.jpg,data/raw/SCTD/Annotations/000096.xml
000097,human,1,d6187d06eef06a07d6e9cf897d675013c9c623c2e8239926b5a82ff37af6a00a,train,data/raw/SCTD/JPEGImages/000097.jpg,data/raw/SCTD/Annotations/000097.xml
000098,human,1,3bc3ad54dcf2cb07fb4b0b6a5762779d2fd53f070baa12e3ea798efdb2b69351,train,data/raw/SCTD/JPEGImages/000098.jpg,data/raw/SCTD/Annotations/000098.xml
000099,human,1,166cceff1af7d97d8b0e15852e94d7a178fb475eeaa373d79d661ca16edd1d8d,train,data/raw/SCTD/JPEGImages/000099.jpg,data/raw/SCTD/Annotations/000099.xml
000100,human,1,bdb856e6481bc71d7083dfd6bbe3adf740e9ff31d64f3110638d75c81f3f3e80,val,data/raw/SCTD/JPEGImages/000100.jpg,data/raw/SCTD/Annotations/000100.xml
000101,human,1,4996a5f7c83d1314f58ce08ad0c937c75c3b5497c828d2654dbf669dab5d1351,train,data/raw/SCTD/JPEGImages/000101.jpg,data/raw/SCTD/Annotations/000101.xml
000102,human,1,bedba296a6b02d755292cd0f3017b489959302ed9a015d64e234d79d9cb789ef,test,data/raw/SCTD/JPEGImages/000102.jpg,data/raw/SCTD/Annotations/000102.xml
000104,human,1,83f4418d59c5adf84047306d81dd125a455075bd0b25af44a3bf1f946ac42c8f,train,data/raw/SCTD/JPEGImages/000104.jpg,data/raw/SCTD/Annotations/000104.xml
000105,human,1,13c37d3efe8f911315b37f8ff9de9f7a2f9e8f777aa54a2f5fcbd1583974db5a,train,data/raw/SCTD/JPEGImages/000105.jpg,data/raw/SCTD/Annotations/000105.xml
000106,human,2,9b8a63102e37e5d4ff8d0af72d12ffc38600698b6ed7cb67a7c12070dbe71778,test,data/raw/SCTD/JPEGImages/000106.jpg,data/raw/SCTD/Annotations/000106.xml
000108,human,1,63c825c1a1e07e5e377b82cea39a20afcf1bcdd39755ac6a67977aca83113cfe,train,data/raw/SCTD/JPEGImages/000108.jpg,data/raw/SCTD/Annotations/000108.xml
000109,human,1,85261ff304047b7e0bd69ee3cc02fc6f666c9ab59e63a531a7bb788aa9186d95,train,data/raw/SCTD/JPEGImages/000109.jpg,data/raw/SCTD/Annotations/000109.xml
000110,human,1,6af696e8156315ea6c9419fcc361efd334984e666bdead5212ba6272d7f69112,train,data/raw/SCTD/JPEGImages/000110.jpg,data/raw/SCTD/Annotations/000110.xml
000111,human,1,f7d3f6cf9ce9d3e20e6e47f0e3d32b371cc5af3c1b7e094aaab6197d15c17970,train,data/raw/SCTD/JPEGImages/000111.jpg,data/raw/SCTD/Annotations/000111.xml
000112,human,1,c72554815f91210fad44303b185fd59bfb5554fea6ddd3c873f2f0356a37c361,train,data/raw/SCTD/JPEGImages/000112.jpg,data/raw/SCTD/Annotations/000112.xml
000113,human,1,022b79c8af8e3118966fbd06caa17404e56606d0373ad72c5e02b869111653c4,train,data/raw/SCTD/JPEGImages/000113.jpg,data/raw/SCTD/Annotations/000113.xml
000114,human,1,44e6b7f240a975a94ff52a359447fcf6da72fcd037fefeb0f638c729a8cb1410,val,data/raw/SCTD/JPEGImages/000114.jpg,data/raw/SCTD/Annotations/000114.xml
000115,human,1,11e51c9205f95d8bf8f661e7da7639f00e68b5acbe025bda6f0831e790191416,train,data/raw/SCTD/JPEGImages/000115.jpg,data/raw/SCTD/Annotations/000115.xml
000117,human,1,5ad466639c5faca19ff77caab7ad8c1c0c0cbb5eaaa6e8eff79499bfe3ec8052,test,data/raw/SCTD/JPEGImages/000117.jpg,data/raw/SCTD/Annotations/000117.xml
000122,human,1,bdb856e6481bc71d7083dfd6bbe3adf740e9ff31d64f3110638d75c81f3f3e80,val,data/raw/SCTD/JPEGImages/000122.jpg,data/raw/SCTD/Annotations/000122.xml
000124,human,1,bedba296a6b02d755292cd0f3017b489959302ed9a015d64e234d79d9cb789ef,test,data/raw/SCTD/JPEGImages/000124.jpg,data/raw/SCTD/Annotations/000124.xml
000125,human,1,8da383cf2bab75884bd0a98731e9291cdf0aa2676aac4a88bba77c928c2a3d5a,train,data/raw/SCTD/JPEGImages/000125.jpg,data/raw/SCTD/Annotations/000125.xml
000126,human,1,83f4418d59c5adf84047306d81dd125a455075bd0b25af44a3bf1f946ac42c8f,train,data/raw/SCTD/JPEGImages/000126.jpg,data/raw/SCTD/Annotations/000126.xml
000127,human,1,13c37d3efe8f911315b37f8ff9de9f7a2f9e8f777aa54a2f5fcbd1583974db5a,train,data/raw/SCTD/JPEGImages/000127.jpg,data/raw/SCTD/Annotations/000127.xml
000129,human,1,0b9ce23588bde7e8ddd18b04c1a80e659e730a119097c68e81d965b45ac15ba9,train,data/raw/SCTD/JPEGImages/000129.jpg,data/raw/SCTD/Annotations/000129.xml
000130,human,1,63c825c1a1e07e5e377b82cea39a20afcf1bcdd39755ac6a67977aca83113cfe,train,data/raw/SCTD/JPEGImages/000130.jpg,data/raw/SCTD/Annotations/000130.xml
000131,human,1,85261ff304047b7e0bd69ee3cc02fc6f666c9ab59e63a531a7bb788aa9186d95,train,data/raw/SCTD/JPEGImages/000131.jpg,data/raw/SCTD/Annotations/000131.xml
000133,human,1,f7d3f6cf9ce9d3e20e6e47f0e3d32b371cc5af3c1b7e094aaab6197d15c17970,train,data/raw/SCTD/JPEGImages/000133.jpg,data/raw/SCTD/Annotations/000133.xml
000134,human,1,c72554815f91210fad44303b185fd59bfb5554fea6ddd3c873f2f0356a37c361,train,data/raw/SCTD/JPEGImages/000134.jpg,data/raw/SCTD/Annotations/000134.xml
000135,ship,1,c896c63cf9e5eb6797f32321512146b4849945fcd4b16cfbbce49ef5d22d96f2,train,data/raw/SCTD/JPEGImages/000135.jpg,data/raw/SCTD/Annotations/000135.xml
000136,ship,1,d57c0cef2b2c2926987ece5ea6f05319988a5bba11c6436bd143c486514bdd4a,train,data/raw/SCTD/JPEGImages/000136.jpg,data/raw/SCTD/Annotations/000136.xml
000138,ship,1,08573f27ea9d0df8d80508b43034e953a2d83927d0c895151d6c681719b03ddf,test,data/raw/SCTD/JPEGImages/000138.jpg,data/raw/SCTD/Annotations/000138.xml
000139,ship,1,f78b90951d9934c3179100afbfc1f234f5289fbc8347e45bdbe77ec529f8f7b9,val,data/raw/SCTD/JPEGImages/000139.jpg,data/raw/SCTD/Annotations/000139.xml
000142,ship,1,e88f916542bcef869b174194c0c5680641381433a332334e30a6d33efbf31463,train,data/raw/SCTD/JPEGImages/000142.jpg,data/raw/SCTD/Annotations/000142.xml
000143,ship,1,7162e098b1c541a9de69b7369ef9552620f5e5b9eac0168c6a18f3a3db624837,train,data/raw/SCTD/JPEGImages/000143.jpg,data/raw/SCTD/Annotations/000143.xml
000145,ship,1,d19cf096cb57445f8b57b1a0a1c8f8e230a5f20582af7dd5fe7e5118e43b07fd,train,data/raw/SCTD/JPEGImages/000145.jpg,data/raw/SCTD/Annotations/000145.xml
000147,ship,1,f8cd934a9f0cc40b0eef175700be0ecc78686281b303925604ba9018884766de,test,data/raw/SCTD/JPEGImages/000147.jpg,data/raw/SCTD/Annotations/000147.xml
000149,ship,1,fac5b6cd341321bb694a68f70857531b34dc326fb786514aa59268d2b85d7b4a,val,data/raw/SCTD/JPEGImages/000149.jpg,data/raw/SCTD/Annotations/000149.xml
000150,ship,1,df37f0a7ee3a26b3f7137ecb4be25c6d465d064912ef09c51c8598ac60fa90da,train,data/raw/SCTD/JPEGImages/000150.jpg,data/raw/SCTD/Annotations/000150.xml
000153,ship,1,141f0977977efba497960a843487a59036a1bde5b5c23faf396b865cdb52d575,train,data/raw/SCTD/JPEGImages/000153.jpg,data/raw/SCTD/Annotations/000153.xml
000154,ship,1,1bbc1d26b2a24122780ed9afd7624def0c031f86b6f3c6670ca0a5e3cc58c058,val,data/raw/SCTD/JPEGImages/000154.jpg,data/raw/SCTD/Annotations/000154.xml
000155,ship,1,f5fbf790c1d10b566c49be4640ae18558ead11f9b61d797f95bc883975773926,val,data/raw/SCTD/JPEGImages/000155.jpg,data/raw/SCTD/Annotations/000155.xml
000157,ship,1,db5670f6fd5406801634095f8efc0e778c9fefd09d026db861bfaa34aa4e3f93,train,data/raw/SCTD/JPEGImages/000157.jpg,data/raw/SCTD/Annotations/000157.xml
000158,ship,1,2e6eaec7b399950784dd358536c611a48f89e92d1bd6cf56c3414350cc10ed42,train,data/raw/SCTD/JPEGImages/000158.jpg,data/raw/SCTD/Annotations/000158.xml
000160,ship,1,77bc9f02e779da04313d18015fe8ec2f04901e451d77f1d309464a5ec0bd6a78,train,data/raw/SCTD/JPEGImages/000160.jpg,data/raw/SCTD/Annotations/000160.xml
000161,ship,1,6e598b26444b11fb084c63479020a67a8a4e268e62283e6ac64b4fb04a98e31c,train,data/raw/SCTD/JPEGImages/000161.jpg,data/raw/SCTD/Annotations/000161.xml
000162,ship,1,fa767c82898bcf6fd5d83ad88adc5ccaf8a11e78ae5f493c79133a5239c32dbf,val,data/raw/SCTD/JPEGImages/000162.jpg,data/raw/SCTD/Annotations/000162.xml
000163,ship,1,7fceb4edd48812cf02785f6c76394a774962719ec823a840677c08803f373452,test,data/raw/SCTD/JPEGImages/000163.jpg,data/raw/SCTD/Annotations/000163.xml
000164,ship,1,de47a15ad9f137aba39a779f105beec778b6d1fd3efc44ffd3a251d259d347b3,train,data/raw/SCTD/JPEGImages/000164.jpg,data/raw/SCTD/Annotations/000164.xml
000165,ship,1,eac9d2f36c640783337c1a8024d4466784516084f09f341014eaef7d58ba378b,train,data/raw/SCTD/JPEGImages/000165.jpg,data/raw/SCTD/Annotations/000165.xml
000167,ship,1,7c56787fab4ca2e5a532af6e4d704fb0bbde9ae501462a728190376ff98b6dec,train,data/raw/SCTD/JPEGImages/000167.jpg,data/raw/SCTD/Annotations/000167.xml
000168,ship,1,4e2adabccb54104908cc9254e10bf42484feab6631c3d0cf4ee5ef5ca9446090,train,data/raw/SCTD/JPEGImages/000168.jpg,data/raw/SCTD/Annotations/000168.xml
000169,ship,1,3daf75ba73a5f6698d694e8c3c6ba6db7c3cc77105f25acff169a2d454dab919,train,data/raw/SCTD/JPEGImages/000169.jpg,data/raw/SCTD/Annotations/000169.xml
000171,ship,1,f044f667d0735fe72f3653102ff2aa6077c335dc3a8026818b161af71305defa,train,data/raw/SCTD/JPEGImages/000171.jpg,data/raw/SCTD/Annotations/000171.xml
000172,ship,1,f8b3a9bb262332853599de5d0ec30bc177de02539d7494083cf8527587873ac9,test,data/raw/SCTD/JPEGImages/000172.jpg,data/raw/SCTD/Annotations/000172.xml
000174,ship,1,f562c487048722043a674811f8ecf0ce6b3e721398717d81020d634f71f5591d,train,data/raw/SCTD/JPEGImages/000174.jpg,data/raw/SCTD/Annotations/000174.xml
000175,ship,1,b8ca53841e60d00f87b315241556ceaacbcc1836fa09e6878d234c95ec595e48,val,data/raw/SCTD/JPEGImages/000175.jpg,data/raw/SCTD/Annotations/000175.xml
000177,ship,1,24f0c53bcd7b3b1a2aa798d87a7964072a4b48e4665b9d74d358cdb6aab1cfdb,test,data/raw/SCTD/JPEGImages/000177.jpg,data/raw/SCTD/Annotations/000177.xml
000179,ship,1,83a40bed6e59e6506fe33f4b0a62f7ec1b8fcfd718ce61e63a140779d733ae6d,test,data/raw/SCTD/JPEGImages/000179.jpg,data/raw/SCTD/Annotations/000179.xml
000180,ship,1,701a748a2e9a223af0d26c269dfa0b0949e32b6392731da02d56988e14bd7176,train,data/raw/SCTD/JPEGImages/000180.jpg,data/raw/SCTD/Annotations/000180.xml
000181,ship,1,fef7c20c68b918652b7d29a5f0a04d3bc9a1b9fa5440e34fa8fb3749742300d5,train,data/raw/SCTD/JPEGImages/000181.jpg,data/raw/SCTD/Annotations/000181.xml
000182,ship,1,3a401321b26f2fc6639bb2e190dfdedc7159e1c9f25a05c6c2874dcda99bce9a,train,data/raw/SCTD/JPEGImages/000182.jpg,data/raw/SCTD/Annotations/000182.xml
000183,ship,1,4c0cd133973f0793d44406b053bd3d528860111c02a59d1617d0f842cd9f9d7d,val,data/raw/SCTD/JPEGImages/000183.jpg,data/raw/SCTD/Annotations/000183.xml
000185,ship,1,cd413ed64e92e4d826b905ed078aca48e63a1a6abd9d442c6dfa3505e53080e9,train,data/raw/SCTD/JPEGImages/000185.jpg,data/raw/SCTD/Annotations/000185.xml
000187,ship,1,fe925131783c72c4a697a70c3086b856f91590d0946d6b0e8ed8856dc99b108c,train,data/raw/SCTD/JPEGImages/000187.jpg,data/raw/SCTD/Annotations/000187.xml
000189,ship,1,a81a22b24c04075a978bbc478199e6c25399669a4de63f9223cfb61826955d5d,train,data/raw/SCTD/JPEGImages/000189.jpg,data/raw/SCTD/Annotations/000189.xml
000192,ship,1,09fa66fdb7456900535d703815757e947b58adc8f9618ace5867cfeeddc7f959,train,data/raw/SCTD/JPEGImages/000192.jpg,data/raw/SCTD/Annotations/000192.xml
000193,ship,1,c7bb94048a215cd2a765592c489fec75c8fcd827b4909562743b337df9e9bfb1,train,data/raw/SCTD/JPEGImages/000193.jpg,data/raw/SCTD/Annotations/000193.xml
000194,ship,1,7768bc6d79e1075639114e748e1de666a71e5324f69cf54f09976a0b4beb04a4,train,data/raw/SCTD/JPEGImages/000194.jpg,data/raw/SCTD/Annotations/000194.xml
000195,ship,1,28630959ef5f007b7ee42df0bfefe7cf632ee31f26c19f6709bf06de2b6e945d,test,data/raw/SCTD/JPEGImages/000195.jpg,data/raw/SCTD/Annotations/000195.xml
000196,ship,1,d2fe1d9b30639776b584d0f562ea1f3a4c5c34d8065872b914badb6f2e009e1d,train,data/raw/SCTD/JPEGImages/000196.jpg,data/raw/SCTD/Annotations/000196.xml
000197,ship,1,a761b58b31f87f2575fbac4fb32a21a65e3ec7fd921419a9b07a84a6372a3eff,train,data/raw/SCTD/JPEGImages/000197.jpg,data/raw/SCTD/Annotations/000197.xml
000200,ship,1,57682860fbabf7423f6c43e7b200c41e07f1a84e6b8490997797ac791a439349,train,data/raw/SCTD/JPEGImages/000200.jpg,data/raw/SCTD/Annotations/000200.xml
000201,ship,1,10c1641ec1d590c74f597ec9eb529944cb6b7aad2037c600e48ad10a19dba121,train,data/raw/SCTD/JPEGImages/000201.jpg,data/raw/SCTD/Annotations/000201.xml
000202,ship,1,bdfd336ea2895ad789b00fc43a222cf376529ebf1b62138ff1b8fb57ce6dfc60,test,data/raw/SCTD/JPEGImages/000202.jpg,data/raw/SCTD/Annotations/000202.xml
000203,ship,1,26b7d8d246c2741c9a621f5622811998a76d12d25f700a8f8926b54c51bf0cb6,train,data/raw/SCTD/JPEGImages/000203.jpg,data/raw/SCTD/Annotations/000203.xml
000204,ship,1,a837325ae07fdd3caeaa80da34b141fa2e78879c96d0c832e80fa43feab94521,train,data/raw/SCTD/JPEGImages/000204.jpg,data/raw/SCTD/Annotations/000204.xml
000206,ship,1,884d5cb4d15bd719f739a198da1c179009f346818865b978dc9f7aa801b99ea2,train,data/raw/SCTD/JPEGImages/000206.jpg,data/raw/SCTD/Annotations/000206.xml
000208,ship,1,30dc5752dc2b947ed1a65bffa3800f371370bed7f6b731b40451c1d6846ce0d4,train,data/raw/SCTD/JPEGImages/000208.jpg,data/raw/SCTD/Annotations/000208.xml
000209,ship,1,7137d60f025b01975d93c9b29dd0a393eca983eee839ef012c7daa35ba0cf4d6,val,data/raw/SCTD/JPEGImages/000209.jpg,data/raw/SCTD/Annotations/000209.xml
000211,ship,1,b4ef78b274ec6ffdd18f32f1c7e458045498fd76d2d94f51d40c71d1a6f3cb26,train,data/raw/SCTD/JPEGImages/000211.jpg,data/raw/SCTD/Annotations/000211.xml
000212,ship,1,e45bc06f457c173ca282deb707d81cee21ddf2d96a5b021544df6f46d49f64db,train,data/raw/SCTD/JPEGImages/000212.jpg,data/raw/SCTD/Annotations/000212.xml
000213,ship,1,df956032de059ebea04703ecd33ff060dec9f9c66a2b9f93af639a151ae0f53a,train,data/raw/SCTD/JPEGImages/000213.jpg,data/raw/SCTD/Annotations/000213.xml
000214,ship,1,d83699990b75691ddc59154cc38d1343b282bdbf33340bb060738dc17728138f,train,data/raw/SCTD/JPEGImages/000214.jpg,data/raw/SCTD/Annotations/000214.xml
000215,ship,1,6d0edb73bcb24064dfb843d0204703d92c35bb411ed48bd0a822bb298819c85a,train,data/raw/SCTD/JPEGImages/000215.jpg,data/raw/SCTD/Annotations/000215.xml
000216,ship,1,f6f129967f9e0b08fb850054475b29289c60578741aa14668c69abe325c53280,train,data/raw/SCTD/JPEGImages/000216.jpg,data/raw/SCTD/Annotations/000216.xml
000217,ship,1,f6f129967f9e0b08fb850054475b29289c60578741aa14668c69abe325c53280,train,data/raw/SCTD/JPEGImages/000217.jpg,data/raw/SCTD/Annotations/000217.xml
000218,ship,1,47df8eff669ade5b5b2239811690287e1dc3bcb5cd0713b77dd16cb75cbe43cf,test,data/raw/SCTD/JPEGImages/000218.jpg,data/raw/SCTD/Annotations/000218.xml
000219,ship,1,2c4f1b22bcd5e6dd3c2354cbff207a729517e94599d3c8b2e893914b464c5686,train,data/raw/SCTD/JPEGImages/000219.jpg,data/raw/SCTD/Annotations/000219.xml
000220,ship,1,de586bcbb89d20a762ace4ad594f73526c32eed3ca7d6fa907ce1209ef3da026,val,data/raw/SCTD/JPEGImages/000220.jpg,data/raw/SCTD/Annotations/000220.xml
000221,ship,1,77867eb7135501a2637e1694d9492182723588b34998eee4e33530d5b124d051,train,data/raw/SCTD/JPEGImages/000221.jpg,data/raw/SCTD/Annotations/000221.xml
000223,ship,1,c386cd892f4059c7f262558888b897095e6c3611828d96ca296fc6dfcaa8beea,train,data/raw/SCTD/JPEGImages/000223.jpg,data/raw/SCTD/Annotations/000223.xml
000225,ship,1,597f3b752feef792b57cfcc68aa132992976028cd34cebe583c83b837c676fd4,train,data/raw/SCTD/JPEGImages/000225.jpg,data/raw/SCTD/Annotations/000225.xml
000226,ship,1,8bea9895deecf0474f61b3ca9dc05dada7c38007fd6e159c01cd4a6dba7e2185,val,data/raw/SCTD/JPEGImages/000226.jpg,data/raw/SCTD/Annotations/000226.xml
000227,ship,1,501007ac4cbe78730c3f73bb1b878ebbe9844b29427f46e3026f6153b619b48b,train,data/raw/SCTD/JPEGImages/000227.jpg,data/raw/SCTD/Annotations/000227.xml
000228,ship,1,f91cc5b86a64756f0f345ffb024d9799994701de7bece13376c1edea6f5a7573,train,data/raw/SCTD/JPEGImages/000228.jpg,data/raw/SCTD/Annotations/000228.xml
000229,ship,1,edad0d7820cb585c3d91ebf3d9b601089d3565fdb03ce39cffae7b66c35e3962,train,data/raw/SCTD/JPEGImages/000229.jpg,data/raw/SCTD/Annotations/000229.xml
000231,ship,1,e100d88764541b229db54574ce9520896e0af46ad34e9692cfe8dde6c6207d65,train,data/raw/SCTD/JPEGImages/000231.jpg,data/raw/SCTD/Annotations/000231.xml
000232,ship,1,5f0f2a296c03d0807922b1fcbfbb7d012a3c51316b7ddff457eeccf48afb1eb2,train,data/raw/SCTD/JPEGImages/000232.jpg,data/raw/SCTD/Annotations/000232.xml
000233,ship,1,5f0f2a296c03d0807922b1fcbfbb7d012a3c51316b7ddff457eeccf48afb1eb2,train,data/raw/SCTD/JPEGImages/000233.jpg,data/raw/SCTD/Annotations/000233.xml
000234,ship,1,efd1ddafc457065faac399971bc4f1afb4d7bf00a09627bad3f73f0c27369fb8,val,data/raw/SCTD/JPEGImages/000234.jpg,data/raw/SCTD/Annotations/000234.xml
000235,ship,1,075628c37d6789d86d609de4fbee5214af41b92712d94a80ebb5a0efe085281d,train,data/raw/SCTD/JPEGImages/000235.jpg,data/raw/SCTD/Annotations/000235.xml
000237,ship,1,e46b349a2725dc3008c255245febd4929622491e9a3bc09ebb4314e53c92e191,train,data/raw/SCTD/JPEGImages/000237.jpg,data/raw/SCTD/Annotations/000237.xml
000238,ship,1,d152d9e0fcea8f3ef27a345596d4a1adc9c161ea43ff81287329a094c5e052c1,test,data/raw/SCTD/JPEGImages/000238.jpg,data/raw/SCTD/Annotations/000238.xml
000240,ship,1,2a2aab4e8fdb46a202c0b8450abc085527532d1bcf528012e95b46e22e0afe9a,train,data/raw/SCTD/JPEGImages/000240.jpg,data/raw/SCTD/Annotations/000240.xml
000241,ship,1,849b61e1a4ae49e0155a2be7c1f20bda9d9feb511a696b2382efc47147c4b4be,test,data/raw/SCTD/JPEGImages/000241.jpg,data/raw/SCTD/Annotations/000241.xml
000242,ship,1,f266612ac6602b18874cf4d6fa10070be010732ecb1a58d77602d3a764248235,train,data/raw/SCTD/JPEGImages/000242.jpg,data/raw/SCTD/Annotations/000242.xml
000243,ship,1,3fefd0f847c02a9f782709d88839a1204094f8a2260e55c205d1bc4fca128cc5,train,data/raw/SCTD/JPEGImages/000243.jpg,data/raw/SCTD/Annotations/000243.xml
000244,ship,1,8d3a15bc36c66d38fb03134924ab8df1f9ed2f81a8d2b5b6dd0c84dc5ff6febb,test,data/raw/SCTD/JPEGImages/000244.jpg,data/raw/SCTD/Annotations/000244.xml
000246,ship,1,2efd54c33dbc1898b12a90ba59578fca1271e353f907dc60033e56b71085280c,train,data/raw/SCTD/JPEGImages/000246.jpg,data/raw/SCTD/Annotations/000246.xml
000247,ship,1,0e1414e596f59f89b3a3ad84c33cfdf6974f56db45ecda3db06d88b60663dc2d,train,data/raw/SCTD/JPEGImages/000247.jpg,data/raw/SCTD/Annotations/000247.xml
000252,ship,1,fe6a4e7517f784fa620024ff169960601c6bfc97c0381006fb4519bf108a8cb8,val,data/raw/SCTD/JPEGImages/000252.jpg,data/raw/SCTD/Annotations/000252.xml
000253,ship,1,fc7c0edba402aa6445d84449f7b70105cce81b67227881a7d889e3abc0e6d1cd,train,data/raw/SCTD/JPEGImages/000253.jpg,data/raw/SCTD/Annotations/000253.xml
000254,ship,1,60515b132cf7c244799940744107367cba296c561ba08225fe0e87ed9ee61dda,train,data/raw/SCTD/JPEGImages/000254.jpg,data/raw/SCTD/Annotations/000254.xml
000255,ship,1,597f3b752feef792b57cfcc68aa132992976028cd34cebe583c83b837c676fd4,train,data/raw/SCTD/JPEGImages/000255.jpg,data/raw/SCTD/Annotations/000255.xml
000256,ship,1,e1533b49d1740b0a882f6a10c25efde5303ddbc39758657496f2f726e0df95bf,test,data/raw/SCTD/JPEGImages/000256.jpg,data/raw/SCTD/Annotations/000256.xml
000258,ship,1,cafd608be56f4af21f49ab758ff8889d33b3537eb21435b022ad55d72a178818,val,data/raw/SCTD/JPEGImages/000258.jpg,data/raw/SCTD/Annotations/000258.xml
000259,ship,1,de489731bcf3a22434c2f26d61328f469eaa8d9a1f7648064117872326fbbb9d,train,data/raw/SCTD/JPEGImages/000259.jpg,data/raw/SCTD/Annotations/000259.xml
000261,ship,1,3a27b544fd115c961bf88c383f1ac511b7fdc07402f78b9f311274df0e9b4bf1,test,data/raw/SCTD/JPEGImages/000261.jpg,data/raw/SCTD/Annotations/000261.xml
000262,ship,1,2c2cc2be4252ec387e9c9608bb9dc89b475e1c720cf98d3164d9b6ba8c4db749,train,data/raw/SCTD/JPEGImages/000262.jpg,data/raw/SCTD/Annotations/000262.xml
000264,ship,1,c3beaa5b33f148b263d0df619ff0b8fac7674bc993cfe00011ed8c898e4b94e4,val,data/raw/SCTD/JPEGImages/000264.jpg,data/raw/SCTD/Annotations/000264.xml
000267,ship,1,c3eeff2bc5b6a87baf6d4176bca5e4412ea8b9a8160723a8522a89de3e9b6202,train,data/raw/SCTD/JPEGImages/000267.jpg,data/raw/SCTD/Annotations/000267.xml
000268,ship,1,4acc4fd06064b0cd51e42950b0ed22d632caa77d27240737f258406ce520f39f,train,data/raw/SCTD/JPEGImages/000268.jpg,data/raw/SCTD/Annotations/000268.xml
000269,ship,1,d571c4fed6fb23c77c25011136821d9eca4cc1ed10a8ad5e59ce98cc599c36cf,test,data/raw/SCTD/JPEGImages/000269.jpg,data/raw/SCTD/Annotations/000269.xml
000270,ship,1,30af90cdcc3d4e9123c72ea22647b11b5d1be0cbd2f0fe6d8243cf7681dc20c3,train,data/raw/SCTD/JPEGImages/000270.jpg,data/raw/SCTD/Annotations/000270.xml
000271,ship,1,dae66ee749f9799ccf7904ee2b650aabebd5b55cc11287f61b91dfa7cc48694f,train,data/raw/SCTD/JPEGImages/000271.jpg,data/raw/SCTD/Annotations/000271.xml
000274,ship,1,2f1a272bbbcb30e8588a62b453bf5b47cfdbee24ce90a22a5f3a85f1fed3a25e,val,data/raw/SCTD/JPEGImages/000274.jpg,data/raw/SCTD/Annotations/000274.xml
000276,ship,1,94d20a8d84b8488060a70d6361abc6024291ba8c334bee568861b9f1c61b5741,train,data/raw/SCTD/JPEGImages/000276.jpg,data/raw/SCTD/Annotations/000276.xml
000278,ship,1,d571c4fed6fb23c77c25011136821d9eca4cc1ed10a8ad5e59ce98cc599c36cf,test,data/raw/SCTD/JPEGImages/000278.jpg,data/raw/SCTD/Annotations/000278.xml
000279,ship,1,8981989ec89cce539c29466efe8726520371becb5ce399909c7af8d84b626b92,test,data/raw/SCTD/JPEGImages/000279.jpg,data/raw/SCTD/Annotations/000279.xml
000281,ship,1,4650f554f0cef5e6f335ff87063ce90e4687bbc20d4bab93e34811dd86ee83a3,test,data/raw/SCTD/JPEGImages/000281.jpg,data/raw/SCTD/Annotations/000281.xml
000282,ship,2,6112a98e0b3eb5bd61f8b75224de76f81c2bd7bd8e75d54a14a0ce886d5c75ab,val,data/raw/SCTD/JPEGImages/000282.jpg,data/raw/SCTD/Annotations/000282.xml
000283,ship,2,6603b2c1943a444325d58d6cbdac0c5a457f40e985c5a028d12a784189f45bc4,train,data/raw/SCTD/JPEGImages/000283.jpg,data/raw/SCTD/Annotations/000283.xml
000284,ship,1,d8f78968e154b79df606d80bd85f5c001c16e0d62f6c5b0db06fbbd5cc3e4dd0,train,data/raw/SCTD/JPEGImages/000284.jpg,data/raw/SCTD/Annotations/000284.xml
000285,ship,1,ed4101dd1c0be81b4f6d482e303c10f0d9d3b567b2a66a463e362c0625fe56d0,train,data/raw/SCTD/JPEGImages/000285.jpg,data/raw/SCTD/Annotations/000285.xml
000286,ship,1,7905a30cc03fb9daf12e7f9e246aa0cad288546985fd1e736505aae59864672f,train,data/raw/SCTD/JPEGImages/000286.jpg,data/raw/SCTD/Annotations/000286.xml
000287,ship,1,36c064213281aeb14e73e2954948eb695b691f9750a67eb0a577f4cc69415208,test,data/raw/SCTD/JPEGImages/000287.jpg,data/raw/SCTD/Annotations/000287.xml
000288,ship,1,0cff63fbd4bc1f8c4a37dc36a2c78f1d0860d9a8a9cea1b5abd48df5890b0fcb,train,data/raw/SCTD/JPEGImages/000288.jpg,data/raw/SCTD/Annotations/000288.xml
000289,ship,1,1795cc2e1ccbc62db3cbef1b0da6f1617800c23345da18648c880f528a8b7e43,train,data/raw/SCTD/JPEGImages/000289.jpg,data/raw/SCTD/Annotations/000289.xml
000290,ship,1,7010247c7587f4f74a52c6f096162ccb581ec7b651ba3d8246cf5aa5eccc03b9,train,data/raw/SCTD/JPEGImages/000290.jpg,data/raw/SCTD/Annotations/000290.xml
000291,ship,1,710dfa898c15549e2e19b1b5766388c693b30c0ccdae3b70d4344a19f51b8052,train,data/raw/SCTD/JPEGImages/000291.jpg,data/raw/SCTD/Annotations/000291.xml
000292,ship,1,214f572adddfe6575b1de9d87f470e8b50bb88e7f6a51f64060c188b279c0109,train,data/raw/SCTD/JPEGImages/000292.jpg,data/raw/SCTD/Annotations/000292.xml
000294,ship,1,1e8bed70685240188494ae261bc8c0faa87665fcf9b67569124a51c7797a1cc4,train,data/raw/SCTD/JPEGImages/000294.jpg,data/raw/SCTD/Annotations/000294.xml
000295,ship,1,4a133229376dc242a26b24d7ac5fb6be637e06556f3c46ff5d5ea14ac02ec93e,train,data/raw/SCTD/JPEGImages/000295.jpg,data/raw/SCTD/Annotations/000295.xml
000298,ship,1,79161d6e6f31749d2adf1549c558e7394d1be7aab83bdd764151e0895ac7cceb,train,data/raw/SCTD/JPEGImages/000298.jpg,data/raw/SCTD/Annotations/000298.xml
000302,ship,1,3bd6fba06627a28bbe35a6846a0ed2f1853b00999e5b9de4f27d96ac9c17a7ff,train,data/raw/SCTD/JPEGImages/000302.jpg,data/raw/SCTD/Annotations/000302.xml
000306,ship,1,09be9f0ee101d0a8316ee33f11c2e0a4a723e523c4943ab827cf67295e763c2c,train,data/raw/SCTD/JPEGImages/000306.jpg,data/raw/SCTD/Annotations/000306.xml
000307,ship,1,64c0572d042ef398b446205ed6a691322b1f18a0764000f038e2c3312ce8a939,train,data/raw/SCTD/JPEGImages/000307.jpg,data/raw/SCTD/Annotations/000307.xml
000308,ship,1,331f384a2a3073646a1a9777666f30edc20bb05a6bdbf7d04d51c7b9206211d5,train,data/raw/SCTD/JPEGImages/000308.jpg,data/raw/SCTD/Annotations/000308.xml
000311,ship,1,9ab13edd3d99de8e513e0c4bddb8c7ff9b9123e1fff2828669b58777d28a3785,val,data/raw/SCTD/JPEGImages/000311.jpg,data/raw/SCTD/Annotations/000311.xml
000312,ship,1,f459cb5b893f15f365b57e8d5692719e121a6213487194ca168bec5592eb01f8,train,data/raw/SCTD/JPEGImages/000312.jpg,data/raw/SCTD/Annotations/000312.xml
000313,ship,1,88def1d4e649eba425fe7ba04efd53ff63d748e0a620bcc66a0122a3ab89e750,train,data/raw/SCTD/JPEGImages/000313.jpg,data/raw/SCTD/Annotations/000313.xml
000314,ship,1,8fa2e36897dbf8d0fa83b423d0dcf794bda70a7e4a1503d051481547734a4c6a,train,data/raw/SCTD/JPEGImages/000314.jpg,data/raw/SCTD/Annotations/000314.xml
000315,ship,1,67bdaa3654f2bff60188bf16cf4e9392d440e212476b7e188fa551f38c7c7bd5,val,data/raw/SCTD/JPEGImages/000315.jpg,data/raw/SCTD/Annotations/000315.xml
000316,ship,1,24993fdbcc78f12a9e4c867c8e936e856b9de9ed266019630de27c708c8d38aa,val,data/raw/SCTD/JPEGImages/000316.jpg,data/raw/SCTD/Annotations/000316.xml
000317,ship,1,cd160f8ca6c5816a837f26962c3837935da5f6aab2c347c2cc2b5999aea6de2a,val,data/raw/SCTD/JPEGImages/000317.jpg,data/raw/SCTD/Annotations/000317.xml
000319,ship,1,78e93d07e01c86a6b16fea08bdfd8872a0f1acdaca3286cc7857a48b58eb6706,train,data/raw/SCTD/JPEGImages/000319.jpg,data/raw/SCTD/Annotations/000319.xml
000320,ship,1,9c62eaef2772d43f9003d7f8ac25ff08335008e9c140233414b2f7d939f62e0f,train,data/raw/SCTD/JPEGImages/000320.jpg,data/raw/SCTD/Annotations/000320.xml
000321,ship,1,abf0b99b3cdf2b1db092c8dd5763809a00409b0eb24f40df0e7c8ef45aee17ed,train,data/raw/SCTD/JPEGImages/000321.jpg,data/raw/SCTD/Annotations/000321.xml
000322,ship,1,ec54de2f7b7c5f9c66b7513b67e2a529863d0520678ab3b37e4da2773771f2c6,train,data/raw/SCTD/JPEGImages/000322.jpg,data/raw/SCTD/Annotations/000322.xml
000323,ship,1,4fc0ef398f44bf5dd3316ad00b66f0d986504a35f8a7c6d592182b9c2c64c35a,train,data/raw/SCTD/JPEGImages/000323.jpg,data/raw/SCTD/Annotations/000323.xml
000324,ship,1,b5a5ac77fa59c0a2b2ef7646fa2c12ff2492d5f018614c966a208104a90a4ee4,train,data/raw/SCTD/JPEGImages/000324.jpg,data/raw/SCTD/Annotations/000324.xml
000325,ship,1,469b18c763b439a84847c27683f1f9d3d754103b62d85e7ee890743fc621c4c0,train,data/raw/SCTD/JPEGImages/000325.jpg,data/raw/SCTD/Annotations/000325.xml
000326,ship,1,76b095dd9fe5a094747ff16c05e8de9ee8a33533cc08f030b0e40b0b2facce26,test,data/raw/SCTD/JPEGImages/000326.jpg,data/raw/SCTD/Annotations/000326.xml
000327,ship,1,0668ed6e0315659beebe0672956089f8a5b33c6bcdc0b5d30b881377d8dc135c,test,data/raw/SCTD/JPEGImages/000327.jpg,data/raw/SCTD/Annotations/000327.xml
000328,ship,1,0e28502b1eaf087bc386fb41491731c61f71c13bcdb5232427c300a153aa66d4,train,data/raw/SCTD/JPEGImages/000328.jpg,data/raw/SCTD/Annotations/000328.xml
000329,ship,1,a82f8ea30bab4ad8b6a145f346d21ce920970e097b9f44e3980c216025ce7da0,test,data/raw/SCTD/JPEGImages/000329.jpg,data/raw/SCTD/Annotations/000329.xml
000330,ship,1,2beb3c529f8a4d8f227219c44cbe2b960b1fad8db5a73aead9b22b969cd770f7,train,data/raw/SCTD/JPEGImages/000330.jpg,data/raw/SCTD/Annotations/000330.xml
000331,ship,1,da39e06489403c7ed9987b051071fb933fb533495e5347a4ee34e4eda6f8feb2,train,data/raw/SCTD/JPEGImages/000331.jpg,data/raw/SCTD/Annotations/000331.xml
000333,ship,1,067e7d0244874780ec0f81d30870cbe1eb5c91fefecfb01687a861273e703aab,train,data/raw/SCTD/JPEGImages/000333.jpg,data/raw/SCTD/Annotations/000333.xml
000335,ship,1,de6e0cd6419722e3d92b231931d4b0e4181c7e756e4d270ac5f728ecc80a537a,train,data/raw/SCTD/JPEGImages/000335.jpg,data/raw/SCTD/Annotations/000335.xml
000336,ship,1,48abafa09cb43e9e9f1bcefdbf4d2bc068bbcc2750ce975a6cfb40b762b69efc,test,data/raw/SCTD/JPEGImages/000336.jpg,data/raw/SCTD/Annotations/000336.xml
000339,ship,1,48abafa09cb43e9e9f1bcefdbf4d2bc068bbcc2750ce975a6cfb40b762b69efc,test,data/raw/SCTD/JPEGImages/000339.jpg,data/raw/SCTD/Annotations/000339.xml
000340,ship,1,48abafa09cb43e9e9f1bcefdbf4d2bc068bbcc2750ce975a6cfb40b762b69efc,test,data/raw/SCTD/JPEGImages/000340.jpg,data/raw/SCTD/Annotations/000340.xml
000341,ship,1,01436ef56a71b9bcb9b7b46a9d2d244313e221ba427beb585fa898843175c382,val,data/raw/SCTD/JPEGImages/000341.jpg,data/raw/SCTD/Annotations/000341.xml
000342,ship,1,70701a17b362669346670089c81b75f22eabe692716ad0303e6bded9c31ee426,train,data/raw/SCTD/JPEGImages/000342.jpg,data/raw/SCTD/Annotations/000342.xml
000343,ship,1,48abafa09cb43e9e9f1bcefdbf4d2bc068bbcc2750ce975a6cfb40b762b69efc,test,data/raw/SCTD/JPEGImages/000343.jpg,data/raw/SCTD/Annotations/000343.xml
000344,ship,1,99bdbd8a2e13e2df30301a8fea0e80105f46d97b824edd3b864116b88c605157,train,data/raw/SCTD/JPEGImages/000344.jpg,data/raw/SCTD/Annotations/000344.xml
000345,ship,1,067e7d0244874780ec0f81d30870cbe1eb5c91fefecfb01687a861273e703aab,train,data/raw/SCTD/JPEGImages/000345.jpg,data/raw/SCTD/Annotations/000345.xml
000346,ship,1,779447d1327dc4d6094d549590dcbcad2ce4e748e2d052d29e6bedfe6a546e71,train,data/raw/SCTD/JPEGImages/000346.jpg,data/raw/SCTD/Annotations/000346.xml
000348,ship,1,e12f876f4c26dd394c24b3534c3088f202761efa7fe986ad533fbde4d93eb702,train,data/raw/SCTD/JPEGImages/000348.jpg,data/raw/SCTD/Annotations/000348.xml
000349,ship,1,70701a17b362669346670089c81b75f22eabe692716ad0303e6bded9c31ee426,train,data/raw/SCTD/JPEGImages/000349.jpg,data/raw/SCTD/Annotations/000349.xml
000351,ship,1,99bdbd8a2e13e2df30301a8fea0e80105f46d97b824edd3b864116b88c605157,train,data/raw/SCTD/JPEGImages/000351.jpg,data/raw/SCTD/Annotations/000351.xml
000352,ship,1,9a4c17016a9d4a4d26e1315391ae98b52d656c2f861a495bff8ff71b765acf4a,val,data/raw/SCTD/JPEGImages/000352.jpg,data/raw/SCTD/Annotations/000352.xml
000353,ship,1,e12f876f4c26dd394c24b3534c3088f202761efa7fe986ad533fbde4d93eb702,train,data/raw/SCTD/JPEGImages/000353.jpg,data/raw/SCTD/Annotations/000353.xml
000354,ship,1,067e7d0244874780ec0f81d30870cbe1eb5c91fefecfb01687a861273e703aab,train,data/raw/SCTD/JPEGImages/000354.jpg,data/raw/SCTD/Annotations/000354.xml
000356,ship,1,e12f876f4c26dd394c24b3534c3088f202761efa7fe986ad533fbde4d93eb702,train,data/raw/SCTD/JPEGImages/000356.jpg,data/raw/SCTD/Annotations/000356.xml
000357,ship,1,779447d1327dc4d6094d549590dcbcad2ce4e748e2d052d29e6bedfe6a546e71,train,data/raw/SCTD/JPEGImages/000357.jpg,data/raw/SCTD/Annotations/000357.xml
000358,ship,1,99bdbd8a2e13e2df30301a8fea0e80105f46d97b824edd3b864116b88c605157,train,data/raw/SCTD/JPEGImages/000358.jpg,data/raw/SCTD/Annotations/000358.xml
000359,ship,1,51edb6c90b26e68b3f8f38e8368e0ac68c06fdc280143cb108bfa4bddd2555d3,test,data/raw/SCTD/JPEGImages/000359.jpg,data/raw/SCTD/Annotations/000359.xml
000360,ship,1,89fd82b192d5ff20bdf6d2e7a7ebd950f0aba1a09ab897775f15714583127f34,train,data/raw/SCTD/JPEGImages/000360.jpg,data/raw/SCTD/Annotations/000360.xml
000361,ship,1,ade4bec670d837045fb43a02dd469609c25eca8fe34af7a51435b46bb554f6cc,train,data/raw/SCTD/JPEGImages/000361.jpg,data/raw/SCTD/Annotations/000361.xml
000363,ship,2,f1ae8f67754a738688f62b949b3a08349cd9cb93ee614495490e184b42469a7a,val,data/raw/SCTD/JPEGImages/000363.jpg,data/raw/SCTD/Annotations/000363.xml
000364,ship,1,224a577d4eb82e11862d3be13f80fae0eabf539058d39acb932e6415c0aedb2d,train,data/raw/SCTD/JPEGImages/000364.jpg,data/raw/SCTD/Annotations/000364.xml
000365,ship,1,167136cb6e2401baa1a93b33637687d4a82be775289c272aa369596db058a607,train,data/raw/SCTD/JPEGImages/000365.jpg,data/raw/SCTD/Annotations/000365.xml
000366,ship,1,f78b90951d9934c3179100afbfc1f234f5289fbc8347e45bdbe77ec529f8f7b9,val,data/raw/SCTD/JPEGImages/000366.jpg,data/raw/SCTD/Annotations/000366.xml
000367,ship,1,63c56a28a214d9c846883c9ec3a821ae4294c9b43af27a773a8a650f3a96e80c,test,data/raw/SCTD/JPEGImages/000367.jpg,data/raw/SCTD/Annotations/000367.xml
000368,ship,1,ed4101dd1c0be81b4f6d482e303c10f0d9d3b567b2a66a463e362c0625fe56d0,train,data/raw/SCTD/JPEGImages/000368.jpg,data/raw/SCTD/Annotations/000368.xml
000369,ship,1,7e55aba07717a38c85aa411f68ec0a8aafe201057915898b2ae7686fc09afec7,train,data/raw/SCTD/JPEGImages/000369.jpg,data/raw/SCTD/Annotations/000369.xml
000370,ship,1,6695ba4e066a52fdef3ba6b43fec253b64ffb470279939b6f1019dc069c53189,train,data/raw/SCTD/JPEGImages/000370.jpg,data/raw/SCTD/Annotations/000370.xml
000372,ship,1,075628c37d6789d86d609de4fbee5214af41b92712d94a80ebb5a0efe085281d,train,data/raw/SCTD/JPEGImages/000372.jpg,data/raw/SCTD/Annotations/000372.xml
000373,ship,1,71ded3644c1052d99eaff57fb315c7165429f6c50e47d88eb3d0a3de002f5f15,train,data/raw/SCTD/JPEGImages/000373.jpg,data/raw/SCTD/Annotations/000373.xml
000376,ship,1,dce9ce45869692b1eabe6d382322479869576b66665db00dfe387a1e070e17c6,train,data/raw/SCTD/JPEGImages/000376.jpg,data/raw/SCTD/Annotations/000376.xml
000377,ship,1,d68e3c282189d98007cc3264bd6a1f2fdc9bbb71ad4aa6bb360fd3b139c0a373,train,data/raw/SCTD/JPEGImages/000377.jpg,data/raw/SCTD/Annotations/000377.xml
000378,ship,1,80429b0404c98b58ed4428cb458bf2506326fc1c9ba580f808da292443bc51b7,val,data/raw/SCTD/JPEGImages/000378.jpg,data/raw/SCTD/Annotations/000378.xml
000379,ship,1,a8f97c81222205cbfe98dd6ecaa7c89a5e7c1f95e363eb7670e493850baceb3f,test,data/raw/SCTD/JPEGImages/000379.jpg,data/raw/SCTD/Annotations/000379.xml
000381,ship,1,97711b31897b8d9ebe311d69acfb319e11085f61666b5f842875af723028aa28,train,data/raw/SCTD/JPEGImages/000381.jpg,data/raw/SCTD/Annotations/000381.xml
000382,ship,1,45f8181ea34e26b569c9f5fa744ec7d1ba80e189582ad6d6700960d48e6bfa48,val,data/raw/SCTD/JPEGImages/000382.jpg,data/raw/SCTD/Annotations/000382.xml
000383,ship,1,bd56599624538cb8d4cef22ad5d30df02016ccb65cebb8a8ef6b20558c4a80c1,val,data/raw/SCTD/JPEGImages/000383.jpg,data/raw/SCTD/Annotations/000383.xml
000384,ship,1,a71be60f80f77b06a000b2f17a62649c82ad3adf4d60793fb522971b46d7afa4,test,data/raw/SCTD/JPEGImages/000384.jpg,data/raw/SCTD/Annotations/000384.xml
000385,ship,1,53de70ea955a71ad899ebc0685d3ca4223d765468f610aebb0886122ae711627,train,data/raw/SCTD/JPEGImages/000385.jpg,data/raw/SCTD/Annotations/000385.xml
000386,ship,1,93e6b633108f09e24d7c83542c42780dfff4a81e005c51a34e23c4387beb7980,train,data/raw/SCTD/JPEGImages/000386.jpg,data/raw/SCTD/Annotations/000386.xml
000387,ship,1,a989e40f07405ebc55695aaae0dd813bb3d176cc73819ed050b182924d28adae,train,data/raw/SCTD/JPEGImages/000387.jpg,data/raw/SCTD/Annotations/000387.xml
000388,ship,1,146036f0fbd6f42013fee55594a440bc7a04653e4f616dbb56a70ced7eb314e6,train,data/raw/SCTD/JPEGImages/000388.jpg,data/raw/SCTD/Annotations/000388.xml
000389,ship,1,a1d289a851498153b626c07b3dd787b3c62364cc96f1fda957c26c0a591cc6c3,val,data/raw/SCTD/JPEGImages/000389.jpg,data/raw/SCTD/Annotations/000389.xml
000390,ship,1,1893c0fd9b169e48fde75f34d5b3df2e259aecfe3d89bd34f4ab9a33665c6e46,train,data/raw/SCTD/JPEGImages/000390.jpg,data/raw/SCTD/Annotations/000390.xml
000392,ship,1,27c07df3ea97614296209a317c55d61bc960c705225757e2f11850b4e6f6182d,train,data/raw/SCTD/JPEGImages/000392.jpg,data/raw/SCTD/Annotations/000392.xml
000393,ship,1,1a9f0da8ac8614fa737963631d86b9daebf57960beee9d23944685cde2af73ff,train,data/raw/SCTD/JPEGImages/000393.jpg,data/raw/SCTD/Annotations/000393.xml
000394,ship,1,9f5e3271a56e39015310ed060145cd7976f811840b52d1916253df46edf699a1,test,data/raw/SCTD/JPEGImages/000394.jpg,data/raw/SCTD/Annotations/000394.xml
000395,ship,1,4ca0557746cdf830a1b4b41a73e6588be5977b94d8158bf30010eb79b9e46a9c,val,data/raw/SCTD/JPEGImages/000395.jpg,data/raw/SCTD/Annotations/000395.xml
000398,ship,1,4f48e2c7eca3d4193c19c0f26933d43dae187987ef27e5419dfdecf08c8f4ed6,train,data/raw/SCTD/JPEGImages/000398.jpg,data/raw/SCTD/Annotations/000398.xml
000399,ship,1,aa6217240e718f0267171f40af1ab96e63433400efefcb50bff932a0b3d8afc9,val,data/raw/SCTD/JPEGImages/000399.jpg,data/raw/SCTD/Annotations/000399.xml
000400,ship,1,199d8326fb40cf57fe3cf845cbe5f94c2d24dee036f497605b53e18453bc1ad5,val,data/raw/SCTD/JPEGImages/000400.jpg,data/raw/SCTD/Annotations/000400.xml
000401,ship,1,cffffea7ee34e231f8250aa5d26d59e1fc4ab0070d4258aac6c5589ca3c0e6d8,test,data/raw/SCTD/JPEGImages/000401.jpg,data/raw/SCTD/Annotations/000401.xml
000402,ship,1,7f2202c712fc3c6ca76a997930548805e819afe128d5093cd381e5dbd2a28656,test,data/raw/SCTD/JPEGImages/000402.jpg,data/raw/SCTD/Annotations/000402.xml
000403,ship,1,93a7707dd52d66dc175445f6c1e3ee1359d86f64d3239e969232d73be5499ce3,train,data/raw/SCTD/JPEGImages/000403.jpg,data/raw/SCTD/Annotations/000403.xml
000405,ship,1,41832494e400c1483e1e81ca2085476809e94a99bc952825611fb1ebb1b0d50a,test,data/raw/SCTD/JPEGImages/000405.jpg,data/raw/SCTD/Annotations/000405.xml
000406,ship,1,e3cd7252929d211dc2e3acc6ea4adad510d2998ed8e47fc29274d3091a675f42,train,data/raw/SCTD/JPEGImages/000406.jpg,data/raw/SCTD/Annotations/000406.xml
000408,ship,1,44c403c7e75f10afd2bbfedf5197e6611481f3e978e24e070ede315c32003d74,val,data/raw/SCTD/JPEGImages/000408.jpg,data/raw/SCTD/Annotations/000408.xml
000409,ship,1,8a0d3a0edcc0fcb25a896ae7c1e19bda63db7b09d33d082438a59efc130154c3,train,data/raw/SCTD/JPEGImages/000409.jpg,data/raw/SCTD/Annotations/000409.xml
000411,ship,1,b7dc12ac39955e087621a8216aeb2229d20470ba515c477f4d5b65f91d00b183,train,data/raw/SCTD/JPEGImages/000411.jpg,data/raw/SCTD/Annotations/000411.xml
000412,ship,1,fee74427078c4793230cea3538d4280f307c851d962d8450bee5375252b7edf4,train,data/raw/SCTD/JPEGImages/000412.jpg,data/raw/SCTD/Annotations/000412.xml
000413,ship,1,5250740d2734aa6c38624273c67b2306c53a3680d2da53462a2e97db1ec0996e,train,data/raw/SCTD/JPEGImages/000413.jpg,data/raw/SCTD/Annotations/000413.xml
000414,ship,1,8b67ad1c740aae5e6f7a5ea075d994cd340bc4831358bf33223b276ae7b63138,train,data/raw/SCTD/JPEGImages/000414.jpg,data/raw/SCTD/Annotations/000414.xml
000415,ship,1,860de90cb75f4b6081b7e452e4f08c151b66f2c7ca5eb02dd246296170ce2cf7,train,data/raw/SCTD/JPEGImages/000415.jpg,data/raw/SCTD/Annotations/000415.xml
000416,ship,1,74db6542d654d448ba2389ddf63fa4f877cb1555a30923df247db9aee7ac00db,train,data/raw/SCTD/JPEGImages/000416.jpg,data/raw/SCTD/Annotations/000416.xml
000417,ship,1,4c2bdfe1475284092f2f2d5e0b8ed061d80fecf76e17eb0776a51613b84f9416,train,data/raw/SCTD/JPEGImages/000417.jpg,data/raw/SCTD/Annotations/000417.xml
000418,ship,1,684f080ff57e3869c00c9d9bb32a0809fcbe14e5d7cc47fba6dc7cf58cf81db9,train,data/raw/SCTD/JPEGImages/000418.jpg,data/raw/SCTD/Annotations/000418.xml
000419,ship,1,a8046a8d6161de16ba971f85e3a07fb72f8acec9b9c2bc2b056efd37736e906d,train,data/raw/SCTD/JPEGImages/000419.jpg,data/raw/SCTD/Annotations/000419.xml
000420,ship,1,21bd5ba90ea404cb71d34e60036a18f7aafdeec70b7f7b01c4681a44c0d52789,train,data/raw/SCTD/JPEGImages/000420.jpg,data/raw/SCTD/Annotations/000420.xml
000422,ship,1,9b76d451af579b78d70f58e58c8c4ecc89fe525609443383e1e2bb750ebe7382,train,data/raw/SCTD/JPEGImages/000422.jpg,data/raw/SCTD/Annotations/000422.xml
000431,ship,1,197d86d274361ac2d3ef59d410dd4e1d4078e14cddd9611dbbc818d910b3c9b8,train,data/raw/SCTD/JPEGImages/000431.jpg,data/raw/SCTD/Annotations/000431.xml
000432,ship,1,c755da256ae2d7846618abc940ad1704856b67bbcc9099df16d94a0643b9f76c,train,data/raw/SCTD/JPEGImages/000432.jpg,data/raw/SCTD/Annotations/000432.xml
000433,ship,1,59c870ea0e6c15527ee528d80f50a86fd2c0dad401bddbaf329707ba16ba21f5,test,data/raw/SCTD/JPEGImages/000433.jpg,data/raw/SCTD/Annotations/000433.xml
000434,ship,1,abd09b3cd07ce0c8a26a4440ac17573cdef99dd8cb96117bcf808347935edd35,train,data/raw/SCTD/JPEGImages/000434.jpg,data/raw/SCTD/Annotations/000434.xml
000435,ship,1,41112681e50681a257072f94c28fef5d063113e0e2d42fc06b0b6f5dfd0741c3,test,data/raw/SCTD/JPEGImages/000435.jpg,data/raw/SCTD/Annotations/000435.xml
000438,ship,1,aef0e1c0d0f270f24dd601ca4061ffebbb76a723d6132cf6f88efdcf8c6d2805,train,data/raw/SCTD/JPEGImages/000438.jpg,data/raw/SCTD/Annotations/000438.xml
000439,ship,1,5234091e7660ab26fb0ba9cbacb0d24de177bd17fd87fff5668e3b9fc54f3298,val,data/raw/SCTD/JPEGImages/000439.jpg,data/raw/SCTD/Annotations/000439.xml
000440,ship,1,f9c33f6fba602788da55ceb2f5ad3f0350c3d6c3281bf7c586e4db21f4c2894a,train,data/raw/SCTD/JPEGImages/000440.jpg,data/raw/SCTD/Annotations/000440.xml
000441,ship,1,535a38d340018e6b8425f53ffecd64e3ea1b8cea2a4bdb3b189da0b73ee3e0e3,train,data/raw/SCTD/JPEGImages/000441.jpg,data/raw/SCTD/Annotations/000441.xml
000442,ship,2,0ccb425e27cdb92f305dfd683d127cf012935e32b36940160c98baa06acc2bc0,train,data/raw/SCTD/JPEGImages/000442.jpg,data/raw/SCTD/Annotations/000442.xml
000443,ship,1,35e16e350fdb7485a5c190e76b479043b76ee7bccba445096036b87c30e23505,train,data/raw/SCTD/JPEGImages/000443.jpg,data/raw/SCTD/Annotations/000443.xml
000444,ship,1,c2d48af6b1594c1c5d9e207482220c6a397a838cb57f30831666de0e393b077f,train,data/raw/SCTD/JPEGImages/000444.jpg,data/raw/SCTD/Annotations/000444.xml
000445,ship,1,ed2b8f44694c6a6e7d31716227dc1b775300ce1d244375c5571c86d86d49e776,train,data/raw/SCTD/JPEGImages/000445.jpg,data/raw/SCTD/Annotations/000445.xml
000446,ship,1,68f14d020c627aba3ba6332df809e97b0dfe96744699c0200c9a5bf221ab7a93,val,data/raw/SCTD/JPEGImages/000446.jpg,data/raw/SCTD/Annotations/000446.xml
000447,ship,1,24185bf429d3ca7a13e400a7cb29742dfafa03304b66d788cae97880ed17550a,train,data/raw/SCTD/JPEGImages/000447.jpg,data/raw/SCTD/Annotations/000447.xml
000450,ship,1,1e5eb7b629fbbf38eda44bee5508912ea6d5781411452e31f8185aeb347dea1d,train,data/raw/SCTD/JPEGImages/000450.jpg,data/raw/SCTD/Annotations/000450.xml
000452,ship,1,7e3ea10ecd8901cfc7d34061967f8948dd255c503857e0de0f855094d66e9d85,train,data/raw/SCTD/JPEGImages/000452.jpg,data/raw/SCTD/Annotations/000452.xml
000455,ship,1,a3d48d7da136165c9cab178efbbca837a1f39dcb8ab6d0a17fcffd7c3dc724b0,train,data/raw/SCTD/JPEGImages/000455.jpg,data/raw/SCTD/Annotations/000455.xml
000456,ship,1,3965e5075c07a8b4326a91d43bbf7a0215b7d833c1ab68a7f327e7d0797020bc,train,data/raw/SCTD/JPEGImages/000456.jpg,data/raw/SCTD/Annotations/000456.xml
000457,ship,1,1059932a8fbfa549994836532bb7167f193abc44bf23b553a7b5c852a374d120,train,data/raw/SCTD/JPEGImages/000457.jpg,data/raw/SCTD/Annotations/000457.xml
000458,ship,1,3419296cd4e0095f7bc08d4dc4dce48de95707ee7a2fb5774cc9c282586e3ec3,val,data/raw/SCTD/JPEGImages/000458.jpg,data/raw/SCTD/Annotations/000458.xml
000461,ship,1,25096f6212b89a11b9c38c084216431ceb28ce89fe727aff1a5728dfe5713d02,train,data/raw/SCTD/JPEGImages/000461.jpg,data/raw/SCTD/Annotations/000461.xml
000462,ship,1,16562c9d42078ed554269e34ccf17209c44924b9346325522d9298253763fb59,train,data/raw/SCTD/JPEGImages/000462.jpg,data/raw/SCTD/Annotations/000462.xml
000463,ship,1,a37667ceeef92171f120e15640a944d6e29bda7181873800372b042901916c11,val,data/raw/SCTD/JPEGImages/000463.jpg,data/raw/SCTD/Annotations/000463.xml
000466,ship,1,401558a7ceb35527bfcf936568dbbac4f9259025ff0a4901f4e7cd742462cd02,train,data/raw/SCTD/JPEGImages/000466.jpg,data/raw/SCTD/Annotations/000466.xml
000467,ship,1,6868e83ed6cf822fe68934a65940b690f908406ae258ead56ae9d9ba90a6c103,train,data/raw/SCTD/JPEGImages/000467.jpg,data/raw/SCTD/Annotations/000467.xml
000468,ship,1,9e51089ad82eedce8da026640aa11566b9c4e00411e02b1891860337e3806879,test,data/raw/SCTD/JPEGImages/000468.jpg,data/raw/SCTD/Annotations/000468.xml
000469,ship,1,b074b8c33c31dbd945f9087e8a568fe07bb14fe7a99bd325873a9741172056d0,train,data/raw/SCTD/JPEGImages/000469.jpg,data/raw/SCTD/Annotations/000469.xml
000470,ship,1,46c8f876a381e0c11493e0672aae2055078bb2128bb42fe924200176c8e15f9d,train,data/raw/SCTD/JPEGImages/000470.jpg,data/raw/SCTD/Annotations/000470.xml
000471,ship,1,d84151041a49406ea3a52f9ac65d3f3b3dfd5f5b38ccc86271a7dfe2e07e5f2a,train,data/raw/SCTD/JPEGImages/000471.jpg,data/raw/SCTD/Annotations/000471.xml
000472,ship,1,653675808a0a7de50cda35532309df78988f73995c5e0f7171fdd45f6cc3022c,train,data/raw/SCTD/JPEGImages/000472.jpg,data/raw/SCTD/Annotations/000472.xml
000473,ship,1,4c7163d40db550518a345a5606c9b55c3b3cfff723ce9641be4b10bc4f062c3f,train,data/raw/SCTD/JPEGImages/000473.jpg,data/raw/SCTD/Annotations/000473.xml
000474,ship,1,1b9aa2f678a9608cf94589c1ee1c7f1d6f26f176092c673f172f27b5bd2109c4,val,data/raw/SCTD/JPEGImages/000474.jpg,data/raw/SCTD/Annotations/000474.xml
000475,ship,1,465eb02e32457a2c0c91cec619b00495119bcdebddeddddef4e0c554d89945cc,train,data/raw/SCTD/JPEGImages/000475.jpg,data/raw/SCTD/Annotations/000475.xml
000476,ship,1,0c30f4b51275433c524d838d72144ea60ef730f65c2cf71464298d636fac89d4,test,data/raw/SCTD/JPEGImages/000476.jpg,data/raw/SCTD/Annotations/000476.xml
000477,ship,1,dbdfedc463c21466f85d48eeba5ec1a599e928ca003493a5b8e83a299ecbb10f,train,data/raw/SCTD/JPEGImages/000477.jpg,data/raw/SCTD/Annotations/000477.xml
000478,ship,1,2f44ee0cdd7740c08028ec190902d41f5718bc759607a63e70160b5db2e037d9,train,data/raw/SCTD/JPEGImages/000478.jpg,data/raw/SCTD/Annotations/000478.xml
000479,ship,1,53973643d6e985afc97b6f83f8bc5f1867ff6e27bbc6509aaab16a2905328c32,test,data/raw/SCTD/JPEGImages/000479.jpg,data/raw/SCTD/Annotations/000479.xml
000481,ship,1,bb0ee1b28675ded76f9326f4046e2f74fce0454cefefcf1ab6e5ca6766bdea91,train,data/raw/SCTD/JPEGImages/000481.jpg,data/raw/SCTD/Annotations/000481.xml
000482,ship,1,852592525aeee2ae351a89888a9d78140170155842b52ef8b3f9f9738ee2e541,val,data/raw/SCTD/JPEGImages/000482.jpg,data/raw/SCTD/Annotations/000482.xml
000484,ship,1,deea3259942bd8d309da8a5208f8ab9cac083470ef5f14700f89e72ac6b16c34,train,data/raw/SCTD/JPEGImages/000484.jpg,data/raw/SCTD/Annotations/000484.xml
000485,ship,1,b968c140ca03f65d3235607b742d125616b706be5cf79c1c6da2b3a0df3d4c9d,train,data/raw/SCTD/JPEGImages/000485.jpg,data/raw/SCTD/Annotations/000485.xml
000486,ship,1,ac5e17bf2bba1c9f0cf50d7263bd09283e38d0440695dd3a856ca8a31b2f0958,val,data/raw/SCTD/JPEGImages/000486.jpg,data/raw/SCTD/Annotations/000486.xml
000487,ship,1,425a1ff4b4457954424787c0a5bed65d13b6859c82477aa483eb411889521884,train,data/raw/SCTD/JPEGImages/000487.jpg,data/raw/SCTD/Annotations/000487.xml
000488,ship,1,0969256f80734f72c2781152b02cb70b2a059671dafeb8014bfd99f77ddb15eb,val,data/raw/SCTD/JPEGImages/000488.jpg,data/raw/SCTD/Annotations/000488.xml
000489,ship,1,56b0998a3d9fdeabe65bd0d476c888245bc0b476257685bc69d64de4797ec8dd,test,data/raw/SCTD/JPEGImages/000489.jpg,data/raw/SCTD/Annotations/000489.xml
000490,ship,1,8383c8df41101044309cea8e7af1c852fee83493dca6e185856471353b0767cb,train,data/raw/SCTD/JPEGImages/000490.jpg,data/raw/SCTD/Annotations/000490.xml
000491,ship,1,603b97a189da2d2f9efeeeeef973ef3e0d5ca3340f1dde87ccfd64ade9de1e42,train,data/raw/SCTD/JPEGImages/000491.jpg,data/raw/SCTD/Annotations/000491.xml
000493,ship,2,86ee57e1e03cc49e3b1f43dc4a869d97cc89ef5bda3e0a33ac7c1c436b5307e1,test,data/raw/SCTD/JPEGImages/000493.jpg,data/raw/SCTD/Annotations/000493.xml
000495,ship,1,b5de1f09bd9ec4f8c3b2119c0e1fc38008b93d43310ca24c9e7ba1a27a5612e2,train,data/raw/SCTD/JPEGImages/000495.jpg,data/raw/SCTD/Annotations/000495.xml
000496,ship,1,490918f1aeee378fbae2fe07eef3de5f9528d5590aa1c750f93d834be70f2bbb,train,data/raw/SCTD/JPEGImages/000496.jpg,data/raw/SCTD/Annotations/000496.xml
000497,ship,1,fa0c9265d146c8d60a4ab3767d48f04a849e9e9fa1b6375fa95d15f07a3dd8c7,train,data/raw/SCTD/JPEGImages/000497.jpg,data/raw/SCTD/Annotations/000497.xml
000498,ship,1,1a13538d19f022a8b6caecbda963fc2ec477d9b6caf5057296e7823b29f1f666,train,data/raw/SCTD/JPEGImages/000498.jpg,data/raw/SCTD/Annotations/000498.xml
000499,ship,1,b07ae019b8e2d96bce7b96b8e26c8debf36ddd4805b70396a9a59d179e9b802b,train,data/raw/SCTD/JPEGImages/000499.jpg,data/raw/SCTD/Annotations/000499.xml
