image_id,image_path,annotation_path,width,height,mode,sha256,class_names,total_boxes,valid_boxes,invalid_boxes,has_xml,image_read_error,dimension_mismatch
000002,JPEGImages\000002.jpg,Annotations\000002.xml,415,385,RGB,f1f50667e9bbd88f95c857835986d692b96d25190e97b6b2464bcf5e4b2652ed,aircraft,1,1,0,True,,False
000006,JPEGImages\000006.jpg,Annotations\000006.xml,300,188,RGB,490796e47df2cc3001331a78ab6e3f2a41b1b83185a5460457612f87287538aa,aircraft,1,1,0,True,,False
000007,JPEGImages\000007.jpg,Annotations\000007.xml,743,419,RGB,530bdfc80a18fe0e7433dc9b70b6f6840a54a4e38596bb7873d0343adbd2ab85,aircraft,1,1,0,True,,False
000008,JPEGImages\000008.jpg,Annotations\000008.xml,442,340,RGB,21ea90c2c8a8381398c9384bbf93e52ea41c650aea1809654552ec48c98efd11,aircraft,1,1,0,True,,False
000010,JPEGImages\000010.jpg,Annotations\000010.xml,1109,596,RGB,f10b21464434ad80ca00eca945e5a5e6e35d4ff45bddf6d3a3f311c1ca2005a5,aircraft,1,1,0,True,,False
000012,JPEGImages\000012.jpg,Annotations\000012.xml,355,196,RGB,a64ca5b9c6895c3159851734a98a5e30c75a6f35e54f8e3630a3f612ecb9e47a,aircraft,1,1,0,True,,False
000013,JPEGImages\000013.jpg,Annotations\000013.xml,221,194,RGB,f1814498966767ad0090606485e6f64155679263deff15075f65735bb8ddbd6b,aircraft,1,1,0,True,,False
000014,JPEGImages\000014.jpg,Annotations\000014.xml,272,210,RGB,c3cea64a7a03931c109682e5f54665eaf31f7197b821f6b36e4e15058b04f571,aircraft,1,1,0,True,,False
000017,JPEGImages\000017.jpg,Annotations\000017.xml,234,382,RGB,819b4c7c94c3262c7af2894137d48ec9f1f585f7279dda6e8c8fe525479a4d1c,aircraft,1,1,0,True,,False
000018,JPEGImages\000018.jpg,Annotations\000018.xml,188,197,RGB,d50bb0ca874a817e272b073cf2e5e0a89655eb54489928589cd95a5d64563f80,aircraft,1,1,0,True,,False
000020,JPEGImages\000020.jpg,Annotations\000020.xml,220,117,RGB,388195932a398023b775f404066836bd9e50828881a23b7a86727b7dc5658d90,aircraft,1,1,0,True,,False
000023,JPEGImages\000023.jpg,Annotations\000023.xml,322,202,RGB,f818a136e395620e95e7828f7a8bea6b7b3ad1427ad0f74b82934cb812874c97,aircraft,1,1,0,True,,False
000024,JPEGImages\000024.jpg,Annotations\000024.xml,459,197,RGB,41933749591ddeba412608763c824497cdc273daf880d98909caf63ff222b461,aircraft,1,1,0,True,,False
000026,JPEGImages\000026.jpg,Annotations\000026.xml,404,254,RGB,1469ad22cc52ff8f471ac9b27278f0119122e30a3063414d6f3574c445be3984,aircraft,1,1,0,True,,False
000027,JPEGImages\000027.jpg,Annotations\000027.xml,439,229,RGB,b17b76cc553fb7046e4dcd4eb41914396eaf0df0c3c4d71751a2650676d38c4d,aircraft,1,1,0,True,,False
000029,JPEGImages\000029.jpg,Annotations\000029.xml,501,300,RGB,96a79e27e17548a59c85cce98fa8363ae1f01114e4d21ac6a126ced8af52eaf0,aircraft,1,1,0,True,,False
000032,JPEGImages\000032.jpg,Annotations\000032.xml,345,250,RGB,474143628bc0b32b5c7880437372f890f2577b5e922deae8ce2107c82647cda3,aircraft,1,1,0,True,,False
000033,JPEGImages\000033.jpg,Annotations\000033.xml,1146,904,RGB,2d8376ac59e6ee83f48228ecd4cd14f53294e0fbec333960f0ad5552014b65a1,aircraft,1,1,0,True,,False
000034,JPEGImages\000034.jpg,Annotations\000034.xml,357,300,RGB,e71c15f3797639686728e67ce59c4ce382ff70df9bf88f48f44d4e346b11c207,aircraft,1,1,0,True,,False
000037,JPEGImages\000037.jpg,Annotations\000037.xml,1400,1050,RGB,54631bfc36bb1ea906317f48a91f803243da92a8ae7df4e68a9dfd0cb201b926,aircraft,1,1,0,True,,False
000038,JPEGImages\000038.jpg,Annotations\000038.xml,214,236,RGB,d854668ee0509b22ef12465dc390cec7d9aacacf944d0152220bab6d159568d6,aircraft,1,1,0,True,,False
000039,JPEGImages\000039.jpg,Annotations\000039.xml,296,170,RGB,1cf7b8cee44058532b41eb8e450eb271222c658eea03acf52ba8332257f95428,aircraft,1,1,0,True,,False
000040,JPEGImages\000040.jpg,Annotations\000040.xml,255,198,RGB,5a42024d2584996f0f143e78421a9e89bf8c7817b972a5b8b7a13758f794e185,aircraft,1,1,0,True,,False
000041,JPEGImages\000041.jpg,Annotations\000041.xml,287,175,RGB,faef73003423aea13171c9723d6503e906a0d34e7585c398cc3ca4a68db8e7e8,aircraft,1,1,0,True,,False
000044,JPEGImages\000044.jpg,Annotations\000044.xml,191,264,RGB,2449c6912a9465110985dc47aafca19760063e89a8af6e409a266c3a113ac684,aircraft,1,1,0,True,,False
000045,JPEGImages\000045.jpg,Annotations\000045.xml,259,194,RGB,2033a184c5e30740035a819251e0e9a7379f8c61553baafd9b91b86ddf2e1ce9,aircraft,1,1,0,True,,False
000046,JPEGImages\000046.jpg,Annotations\000046.xml,184,274,RGB,e6c559ba057510f91c95a418f0824625b4f74c14b1c32aa9bf35ca45bd7080f8,aircraft,1,1,0,True,,False
000051,JPEGImages\000051.jpg,Annotations\000051.xml,311,162,RGB,24768ef2285f97143b0cd2a05220dc00b872a6e7146722f08422b8aa3f92ad6c,aircraft,1,1,0,True,,False
000054,JPEGImages\000054.jpg,Annotations\000054.xml,660,568,RGB,f1c0aa7731b102ab25f311893021c986724732fe1a8615a7d1cdbcb13b73dddb,aircraft,1,1,0,True,,False
000055,JPEGImages\000055.jpg,Annotations\000055.xml,1251,1250,RGB,3602977fcd89c37fdf4946e6b41e38d4c869c348fb8a9ae2c8c76d05646fdc4d,aircraft,1,1,0,True,,False
000056,JPEGImages\000056.jpg,Annotations\000056.xml,360,384,RGB,4017f3cf851299673952fd2f0a232b93bbba8c03ce11168418f2cc32a46e0645,aircraft,1,1,0,True,,False
000057,JPEGImages\000057.jpg,Annotations\000057.xml,460,281,RGB,86b1d049dcf44cd2fe969f5d6a23b1935025b72534beb35c8a763a39035e370d,aircraft,1,1,0,True,,False
000058,JPEGImages\000058.jpg,Annotations\000058.xml,810,758,RGB,4daa01a6f6a139fbdcf071687d0537462282ad308f421f41f86f95eee30f435c,aircraft,1,1,0,True,,False
000059,JPEGImages\000059.jpg,Annotations\000059.xml,1364,1365,RGB,14327cfbae526100e41b40a25fc0d85fc4afda7d92487c7919971d28155df253,aircraft,1,1,0,True,,False
000060,JPEGImages\000060.jpg,Annotations\000060.xml,345,250,RGB,873112d460ce187c7b2e105fe6a17bca9d489e435192f1d1c03f1159f28b3009,aircraft,1,1,0,True,,False
000061,JPEGImages\000061.jpg,Annotations\000061.xml,740,416,RGB,bc015b012436f32c8f2a74c77dab43f70d1cc3d358395648d3fa18fdb553ff9c,aircraft,1,1,0,True,,False
000063,JPEGImages\000063.jpg,Annotations\000063.xml,534,401,RGB,0d1d6de456f1fbb7486f549377bcdb8ee120ed97e4489b7e099767446ceb4697,aircraft,1,1,0,True,,False
000065,JPEGImages\000065.jpg,Annotations\000065.xml,400,302,RGB,acb15e31fa4ddeb841477caf5f9ba345bce982bc8aeced7b2e74d250332a34bc,aircraft,1,1,0,True,,False
000066,JPEGImages\000066.jpg,Annotations\000066.xml,2550,1588,RGB,674a98d0bc4fb5bd260bcacec6c61ec5a2da357ff6395de535118a13d9b0f3dd,aircraft,1,1,0,True,,False
000068,JPEGImages\000068.jpg,Annotations\000068.xml,341,428,RGB,02f15121ff4a93ad17d5f4a25fd52ad88448e481a4f7a15fed8fed10358c2cfe,aircraft,1,1,0,True,,False
000069,JPEGImages\000069.jpg,Annotations\000069.xml,333,403,RGB,e4a2dcdf240fc825fb35d60035e83f3af5b97a25427e86621824641bcc6eee36,aircraft,1,1,0,True,,False
000070,JPEGImages\000070.jpg,Annotations\000070.xml,402,512,RGB,d857ce703d2bc66dd10e4e7781807c4833eb8344d1aab180eaab68054b2d13fd,aircraft,1,1,0,True,,False
000071,JPEGImages\000071.jpg,Annotations\000071.xml,512,509,RGB,6be339664dd612040ef0761d60b2d55668bdf7d3c50b72c636308e5e5e63a842,aircraft,1,1,0,True,,False
000073,JPEGImages\000073.jpg,Annotations\000073.xml,293,283,RGB,a03fce969fa16227ee0d9d3832d97c404e9da05f39a38f02decedaca6b8d2277,aircraft,1,1,0,True,,False
000074,JPEGImages\000074.jpg,Annotations\000074.xml,620,745,RGB,b7af6cb5fcfe18f8d68e9a94786cfba69b0e5a4becf5e2ebaaca94fbbbb9f129,aircraft,1,1,0,True,,False
000075,JPEGImages\000075.jpg,Annotations\000075.xml,791,589,RGB,8bb48de18ad8980c5aa67c7509bb9e5d0f3d403056d621796e13d8879635fa3f,aircraft,1,1,0,True,,False
000076,JPEGImages\000076.jpg,Annotations\000076.xml,561,681,RGB,4ed8d8ac04036787abfc163cb7ce998161380ef85422f25969a32a8501597d87,aircraft,1,1,0,True,,False
000077,JPEGImages\000077.jpg,Annotations\000077.xml,611,894,RGB,3829ca63936d69073f7e523a88d1172a29a54fa6a9fd755a4cd227d462ec067c,aircraft,1,1,0,True,,False
000078,JPEGImages\000078.jpg,Annotations\000078.xml,796,466,RGB,11b5fd5114a62fe85c27f4e59f09675e2484e4ead93b2d913ebdfd0c06d1bd57,aircraft,1,1,0,True,,False
000079,JPEGImages\000079.jpg,Annotations\000079.xml,1135,524,RGB,d43428e0f99fa2cdb278357c1a729330d907309608f60320d6338c29c65ff4aa,aircraft,1,1,0,True,,False
000080,JPEGImages\000080.jpg,Annotations\000080.xml,817,787,RGB,5ef0c2457747c9e17af1aa4412fe1c9f3b3e56af2bfda2bd3cdcae983f766619,aircraft,1,1,0,True,,False
000081,JPEGImages\000081.jpg,Annotations\000081.xml,809,780,RGB,41ec666565aa723d0139477cfef11ce9535b64fab0e4f038cb3e3536b8e978f5,aircraft,1,1,0,True,,False
000085,JPEGImages\000085.jpg,Annotations\000085.xml,926,694,RGB,c112d3783bcc5e2f2e0f06262c13d74d0b477eeb8dcc3b340cb39f67426a546e,aircraft,1,1,0,True,,False
000086,JPEGImages\000086.jpg,Annotations\000086.xml,673,836,RGB,fcc8afd4764e8ba31bad515c296b8dcd275672790b5179738686795d371a6180,aircraft,1,1,0,True,,False
000088,JPEGImages\000088.jpg,Annotations\000088.xml,373,515,RGB,67cac4621e70159658364f8c02e57988748761808ec42c559d8c9365a97eff19,aircraft,1,1,0,True,,False
000089,JPEGImages\000089.jpg,Annotations\000089.xml,201,162,RGB,e6884d88b9b1db42b722dfa5b5af4bac65a6854895f312abd069f2fb4b4703ea,aircraft,1,1,0,True,,False
000090,JPEGImages\000090.jpg,Annotations\000090.xml,965,725,RGB,2fdb89761dae450b534967a698e931d7dadfd43c719cda1175d0d417d260f913,aircraft,1,1,0,True,,False
000091,JPEGImages\000091.jpg,Annotations\000091.xml,460,351,RGB,022b79c8af8e3118966fbd06caa17404e56606d0373ad72c5e02b869111653c4,human,1,1,0,True,,False
000092,JPEGImages\000092.jpg,Annotations\000092.xml,330,187,RGB,44e6b7f240a975a94ff52a359447fcf6da72fcd037fefeb0f638c729a8cb1410,human,1,1,0,True,,False
000093,JPEGImages\000093.jpg,Annotations\000093.xml,207,215,RGB,11e51c9205f95d8bf8f661e7da7639f00e68b5acbe025bda6f0831e790191416,human,1,1,0,True,,False
000094,JPEGImages\000094.jpg,Annotations\000094.xml,317,410,RGB,221eb61a8eac2ac96708b3de4cbb3cfeb9358a54ea759d202e8c3f6e7319e828,human,1,1,0,True,,False
000095,JPEGImages\000095.jpg,Annotations\000095.xml,512,1024,RGB,5ad466639c5faca19ff77caab7ad8c1c0c0cbb5eaaa6e8eff79499bfe3ec8052,human,1,1,0,True,,False
000096,JPEGImages\000096.jpg,Annotations\000096.xml,394,476,RGB,124a317d64dc7e886942d960b63787e211ca60efb227c8dd5c68dae6d31e0083,human,1,1,0,True,,False
000097,JPEGImages\000097.jpg,Annotations\000097.xml,438,330,RGB,d6187d06eef06a07d6e9cf897d675013c9c623c2e8239926b5a82ff37af6a00a,human,1,1,0,True,,False
000098,JPEGImages\000098.jpg,Annotations\000098.xml,1600,768,RGB,3bc3ad54dcf2cb07fb4b0b6a5762779d2fd53f070baa12e3ea798efdb2b69351,human,1,1,0,True,,False
000099,JPEGImages\000099.jpg,Annotations\000099.xml,224,225,RGB,166cceff1af7d97d8b0e15852e94d7a178fb475eeaa373d79d661ca16edd1d8d,human,1,1,0,True,,False
000100,JPEGImages\000100.jpg,Annotations\000100.xml,218,231,RGB,bdb856e6481bc71d7083dfd6bbe3adf740e9ff31d64f3110638d75c81f3f3e80,human,1,1,0,True,,False
000101,JPEGImages\000101.jpg,Annotations\000101.xml,259,194,RGB,4996a5f7c83d1314f58ce08ad0c937c75c3b5497c828d2654dbf669dab5d1351,human,1,1,0,True,,False
000102,JPEGImages\000102.jpg,Annotations\000102.xml,266,190,RGB,bedba296a6b02d755292cd0f3017b489959302ed9a015d64e234d79d9cb789ef,human,1,1,0,True,,False
000104,JPEGImages\000104.jpg,Annotations\000104.xml,766,753,RGB,83f4418d59c5adf84047306d81dd125a455075bd0b25af44a3bf1f946ac42c8f,human,1,1,0,True,,False
000105,JPEGImages\000105.jpg,Annotations\000105.xml,807,900,RGB,13c37d3efe8f911315b37f8ff9de9f7a2f9e8f777aa54a2f5fcbd1583974db5a,human,1,1,0,True,,False
000106,JPEGImages\000106.jpg,Annotations\000106.xml,980,673,RGB,9b8a63102e37e5d4ff8d0af72d12ffc38600698b6ed7cb67a7c12070dbe71778,human,2,2,0,True,,False
000108,JPEGImages\000108.jpg,Annotations\000108.xml,1110,673,RGB,63c825c1a1e07e5e377b82cea39a20afcf1bcdd39755ac6a67977aca83113cfe,human,1,1,0,True,,False
000109,JPEGImages\000109.jpg,Annotations\000109.xml,1232,745,RGB,85261ff304047b7e0bd69ee3cc02fc6f666c9ab59e63a531a7bb788aa9186d95,human,1,1,0,True,,False
000110,JPEGImages\000110.jpg,Annotations\000110.xml,1032,751,RGB,6af696e8156315ea6c9419fcc361efd334984e666bdead5212ba6272d7f69112,human,1,1,0,True,,False
000111,JPEGImages\000111.jpg,Annotations\000111.xml,1699,638,RGB,f7d3f6cf9ce9d3e20e6e47f0e3d32b371cc5af3c1b7e094aaab6197d15c17970,human,1,1,0,True,,False
000112,JPEGImages\000112.jpg,Annotations\000112.xml,185,158,RGB,c72554815f91210fad44303b185fd59bfb5554fea6ddd3c873f2f0356a37c361,human,1,1,0,True,,False
000113,JPEGImages\000113.jpg,Annotations\000113.xml,460,351,RGB,022b79c8af8e3118966fbd06caa17404e56606d0373ad72c5e02b869111653c4,human,1,1,0,True,,False
000114,JPEGImages\000114.jpg,Annotations\000114.xml,330,187,RGB,44e6b7f240a975a94ff52a359447fcf6da72fcd037fefeb0f638c729a8cb1410,human,1,1,0,True,,False
000115,JPEGImages\000115.jpg,Annotations\000115.xml,207,215,RGB,11e51c9205f95d8bf8f661e7da7639f00e68b5acbe025bda6f0831e790191416,human,1,1,0,True,,False
000117,JPEGImages\000117.jpg,Annotations\000117.xml,512,1024,RGB,5ad466639c5faca19ff77caab7ad8c1c0c0cbb5eaaa6e8eff79499bfe3ec8052,human,1,1,0,True,,False
000122,JPEGImages\000122.jpg,Annotations\000122.xml,218,231,RGB,bdb856e6481bc71d7083dfd6bbe3adf740e9ff31d64f3110638d75c81f3f3e80,human,1,1,0,True,,False
000124,JPEGImages\000124.jpg,Annotations\000124.xml,266,190,RGB,bedba296a6b02d755292cd0f3017b489959302ed9a015d64e234d79d9cb789ef,human,1,1,0,True,,False
000125,JPEGImages\000125.jpg,Annotations\000125.xml,222,227,RGB,8da383cf2bab75884bd0a98731e9291cdf0aa2676aac4a88bba77c928c2a3d5a,human,1,1,0,True,,False
000126,JPEGImages\000126.jpg,Annotations\000126.xml,766,753,RGB,83f4418d59c5adf84047306d81dd125a455075bd0b25af44a3bf1f946ac42c8f,human,1,1,0,True,,False
000127,JPEGImages\000127.jpg,Annotations\000127.xml,807,900,RGB,13c37d3efe8f911315b37f8ff9de9f7a2f9e8f777aa54a2f5fcbd1583974db5a,human,1,1,0,True,,False
000129,JPEGImages\000129.jpg,Annotations\000129.xml,1354,864,RGB,0b9ce23588bde7e8ddd18b04c1a80e659e730a119097c68e81d965b45ac15ba9,human,1,1,0,True,,False
000130,JPEGImages\000130.jpg,Annotations\000130.xml,1110,673,RGB,63c825c1a1e07e5e377b82cea39a20afcf1bcdd39755ac6a67977aca83113cfe,human,1,1,0,True,,False
000131,JPEGImages\000131.jpg,Annotations\000131.xml,1232,745,RGB,85261ff304047b7e0bd69ee3cc02fc6f666c9ab59e63a531a7bb788aa9186d95,human,1,1,0,True,,False
000133,JPEGImages\000133.jpg,Annotations\000133.xml,1699,638,RGB,f7d3f6cf9ce9d3e20e6e47f0e3d32b371cc5af3c1b7e094aaab6197d15c17970,human,1,1,0,True,,False
000134,JPEGImages\000134.jpg,Annotations\000134.xml,185,158,RGB,c72554815f91210fad44303b185fd59bfb5554fea6ddd3c873f2f0356a37c361,human,1,1,0,True,,False
000135,JPEGImages\000135.jpg,Annotations\000135.xml,744,497,RGB,c896c63cf9e5eb6797f32321512146b4849945fcd4b16cfbbce49ef5d22d96f2,ship,1,1,0,True,,False
000136,JPEGImages\000136.jpg,Annotations\000136.xml,860,460,RGB,d57c0cef2b2c2926987ece5ea6f05319988a5bba11c6436bd143c486514bdd4a,ship,1,1,0,True,,False
000138,JPEGImages\000138.jpg,Annotations\000138.xml,950,360,RGB,08573f27ea9d0df8d80508b43034e953a2d83927d0c895151d6c681719b03ddf,ship,1,1,0,True,,False
000139,JPEGImages\000139.jpg,Annotations\000139.xml,410,230,RGB,f78b90951d9934c3179100afbfc1f234f5289fbc8347e45bdbe77ec529f8f7b9,ship,1,1,0,True,,False
000142,JPEGImages\000142.jpg,Annotations\000142.xml,640,480,RGB,e88f916542bcef869b174194c0c5680641381433a332334e30a6d33efbf31463,ship,1,1,0,True,,False
000143,JPEGImages\000143.jpg,Annotations\000143.xml,862,575,RGB,7162e098b1c541a9de69b7369ef9552620f5e5b9eac0168c6a18f3a3db624837,ship,1,1,0,True,,False
000145,JPEGImages\000145.jpg,Annotations\000145.xml,491,275,RGB,d19cf096cb57445f8b57b1a0a1c8f8e230a5f20582af7dd5fe7e5118e43b07fd,ship,1,1,0,True,,False
000147,JPEGImages\000147.jpg,Annotations\000147.xml,414,390,RGB,f8cd934a9f0cc40b0eef175700be0ecc78686281b303925604ba9018884766de,ship,1,1,0,True,,False
000149,JPEGImages\000149.jpg,Annotations\000149.xml,850,956,RGB,fac5b6cd341321bb694a68f70857531b34dc326fb786514aa59268d2b85d7b4a,ship,1,1,0,True,,False
000150,JPEGImages\000150.jpg,Annotations\000150.xml,220,248,RGB,df37f0a7ee3a26b3f7137ecb4be25c6d465d064912ef09c51c8598ac60fa90da,ship,1,1,0,True,,False
000153,JPEGImages\000153.jpg,Annotations\000153.xml,940,505,RGB,141f0977977efba497960a843487a59036a1bde5b5c23faf396b865cdb52d575,ship,1,1,0,True,,False
000154,JPEGImages\000154.jpg,Annotations\000154.xml,447,497,RGB,1bbc1d26b2a24122780ed9afd7624def0c031f86b6f3c6670ca0a5e3cc58c058,ship,1,1,0,True,,False
000155,JPEGImages\000155.jpg,Annotations\000155.xml,929,600,RGB,f5fbf790c1d10b566c49be4640ae18558ead11f9b61d797f95bc883975773926,ship,1,1,0,True,,False
000157,JPEGImages\000157.jpg,Annotations\000157.xml,699,457,RGB,db5670f6fd5406801634095f8efc0e778c9fefd09d026db861bfaa34aa4e3f93,ship,1,1,0,True,,False
000158,JPEGImages\000158.jpg,Annotations\000158.xml,894,472,RGB,2e6eaec7b399950784dd358536c611a48f89e92d1bd6cf56c3414350cc10ed42,ship,1,1,0,True,,False
000160,JPEGImages\000160.jpg,Annotations\000160.xml,414,242,RGB,77bc9f02e779da04313d18015fe8ec2f04901e451d77f1d309464a5ec0bd6a78,ship,1,1,0,True,,False
000161,JPEGImages\000161.jpg,Annotations\000161.xml,616,530,RGB,6e598b26444b11fb084c63479020a67a8a4e268e62283e6ac64b4fb04a98e31c,ship,1,1,0,True,,False
000162,JPEGImages\000162.jpg,Annotations\000162.xml,903,486,RGB,fa767c82898bcf6fd5d83ad88adc5ccaf8a11e78ae5f493c79133a5239c32dbf,ship,1,1,0,True,,False
000163,JPEGImages\000163.jpg,Annotations\000163.xml,972,497,RGB,7fceb4edd48812cf02785f6c76394a774962719ec823a840677c08803f373452,ship,1,1,0,True,,False
000164,JPEGImages\000164.jpg,Annotations\000164.xml,539,544,RGB,de47a15ad9f137aba39a779f105beec778b6d1fd3efc44ffd3a251d259d347b3,ship,1,1,0,True,,False
000165,JPEGImages\000165.jpg,Annotations\000165.xml,975,600,RGB,eac9d2f36c640783337c1a8024d4466784516084f09f341014eaef7d58ba378b,ship,1,1,0,True,,False
000167,JPEGImages\000167.jpg,Annotations\000167.xml,465,289,RGB,7c56787fab4ca2e5a532af6e4d704fb0bbde9ae501462a728190376ff98b6dec,ship,1,1,0,True,,False
000168,JPEGImages\000168.jpg,Annotations\000168.xml,956,375,RGB,4e2adabccb54104908cc9254e10bf42484feab6631c3d0cf4ee5ef5ca9446090,ship,1,1,0,True,,False
000169,JPEGImages\000169.jpg,Annotations\000169.xml,399,271,RGB,3daf75ba73a5f6698d694e8c3c6ba6db7c3cc77105f25acff169a2d454dab919,ship,1,1,0,True,,False
000171,JPEGImages\000171.jpg,Annotations\000171.xml,270,303,RGB,f044f667d0735fe72f3653102ff2aa6077c335dc3a8026818b161af71305defa,ship,1,1,0,True,,False
000172,JPEGImages\000172.jpg,Annotations\000172.xml,445,179,RGB,f8b3a9bb262332853599de5d0ec30bc177de02539d7494083cf8527587873ac9,ship,1,1,0,True,,False
000174,JPEGImages\000174.jpg,Annotations\000174.xml,1197,585,RGB,f562c487048722043a674811f8ecf0ce6b3e721398717d81020d634f71f5591d,ship,1,1,0,True,,False
000175,JPEGImages\000175.jpg,Annotations\000175.xml,595,633,RGB,b8ca53841e60d00f87b315241556ceaacbcc1836fa09e6878d234c95ec595e48,ship,1,1,0,True,,False
000177,JPEGImages\000177.jpg,Annotations\000177.xml,814,683,RGB,24f0c53bcd7b3b1a2aa798d87a7964072a4b48e4665b9d74d358cdb6aab1cfdb,ship,1,1,0,True,,False
000179,JPEGImages\000179.jpg,Annotations\000179.xml,940,627,RGB,83a40bed6e59e6506fe33f4b0a62f7ec1b8fcfd718ce61e63a140779d733ae6d,ship,1,1,0,True,,False
000180,JPEGImages\000180.jpg,Annotations\000180.xml,800,480,RGB,701a748a2e9a223af0d26c269dfa0b0949e32b6392731da02d56988e14bd7176,ship,1,1,0,True,,False
000181,JPEGImages\000181.jpg,Annotations\000181.xml,550,459,RGB,fef7c20c68b918652b7d29a5f0a04d3bc9a1b9fa5440e34fa8fb3749742300d5,ship,1,1,0,True,,False
000182,JPEGImages\000182.jpg,Annotations\000182.xml,800,431,RGB,3a401321b26f2fc6639bb2e190dfdedc7159e1c9f25a05c6c2874dcda99bce9a,ship,1,1,0,True,,False
000183,JPEGImages\000183.jpg,Annotations\000183.xml,371,550,RGB,4c0cd133973f0793d44406b053bd3d528860111c02a59d1617d0f842cd9f9d7d,ship,1,1,0,True,,False
000185,JPEGImages\000185.jpg,Annotations\000185.xml,563,550,RGB,cd413ed64e92e4d826b905ed078aca48e63a1a6abd9d442c6dfa3505e53080e9,ship,1,1,0,True,,False
000187,JPEGImages\000187.jpg,Annotations\000187.xml,800,382,RGB,fe925131783c72c4a697a70c3086b856f91590d0946d6b0e8ed8856dc99b108c,ship,1,1,0,True,,False
000189,JPEGImages\000189.jpg,Annotations\000189.xml,473,373,RGB,a81a22b24c04075a978bbc478199e6c25399669a4de63f9223cfb61826955d5d,ship,1,1,0,True,,False
000192,JPEGImages\000192.jpg,Annotations\000192.xml,702,468,RGB,09fa66fdb7456900535d703815757e947b58adc8f9618ace5867cfeeddc7f959,ship,1,1,0,True,,False
000193,JPEGImages\000193.jpg,Annotations\000193.xml,790,388,RGB,c7bb94048a215cd2a765592c489fec75c8fcd827b4909562743b337df9e9bfb1,ship,1,1,0,True,,False
000194,JPEGImages\000194.jpg,Annotations\000194.xml,1440,550,RGB,7768bc6d79e1075639114e748e1de666a71e5324f69cf54f09976a0b4beb04a4,ship,1,1,0,True,,False
000195,JPEGImages\000195.jpg,Annotations\000195.xml,520,324,RGB,28630959ef5f007b7ee42df0bfefe7cf632ee31f26c19f6709bf06de2b6e945d,ship,1,1,0,True,,False
000196,JPEGImages\000196.jpg,Annotations\000196.xml,1280,427,RGB,d2fe1d9b30639776b584d0f562ea1f3a4c5c34d8065872b914badb6f2e009e1d,ship,1,1,0,True,,False
000197,JPEGImages\000197.jpg,Annotations\000197.xml,724,470,RGB,a761b58b31f87f2575fbac4fb32a21a65e3ec7fd921419a9b07a84a6372a3eff,ship,1,1,0,True,,False
000200,JPEGImages\000200.jpg,Annotations\000200.xml,600,323,RGB,57682860fbabf7423f6c43e7b200c41e07f1a84e6b8490997797ac791a439349,ship,1,1,0,True,,False
000201,JPEGImages\000201.jpg,Annotations\000201.xml,600,412,RGB,10c1641ec1d590c74f597ec9eb529944cb6b7aad2037c600e48ad10a19dba121,ship,1,1,0,True,,False
000202,JPEGImages\000202.jpg,Annotations\000202.xml,250,252,RGB,bdfd336ea2895ad789b00fc43a222cf376529ebf1b62138ff1b8fb57ce6dfc60,ship,1,1,0,True,,False
000203,JPEGImages\000203.jpg,Annotations\000203.xml,804,445,RGB,26b7d8d246c2741c9a621f5622811998a76d12d25f700a8f8926b54c51bf0cb6,ship,1,1,0,True,,False
000204,JPEGImages\000204.jpg,Annotations\000204.xml,940,705,RGB,a837325ae07fdd3caeaa80da34b141fa2e78879c96d0c832e80fa43feab94521,ship,1,1,0,True,,False
000206,JPEGImages\000206.jpg,Annotations\000206.xml,981,1045,RGB,884d5cb4d15bd719f739a198da1c179009f346818865b978dc9f7aa801b99ea2,ship,1,1,0,True,,False
000208,JPEGImages\000208.jpg,Annotations\000208.xml,400,300,RGB,30dc5752dc2b947ed1a65bffa3800f371370bed7f6b731b40451c1d6846ce0d4,ship,1,1,0,True,,False
000209,JPEGImages\000209.jpg,Annotations\000209.xml,436,654,RGB,7137d60f025b01975d93c9b29dd0a393eca983eee839ef012c7daa35ba0cf4d6,ship,1,1,0,True,,False
000211,JPEGImages\000211.jpg,Annotations\000211.xml,375,292,RGB,b4ef78b274ec6ffdd18f32f1c7e458045498fd76d2d94f51d40c71d1a6f3cb26,ship,1,1,0,True,,False
000212,JPEGImages\000212.jpg,Annotations\000212.xml,725,520,RGB,e45bc06f457c173ca282deb707d81cee21ddf2d96a5b021544df6f46d49f64db,ship,1,1,0,True,,False
000213,JPEGImages\000213.jpg,Annotations\000213.xml,320,230,RGB,df956032de059ebea04703ecd33ff060dec9f9c66a2b9f93af639a151ae0f53a,ship,1,1,0,True,,False
000214,JPEGImages\000214.jpg,Annotations\000214.xml,430,430,RGB,d83699990b75691ddc59154cc38d1343b282bdbf33340bb060738dc17728138f,ship,1,1,0,True,,False
000215,JPEGImages\000215.jpg,Annotations\000215.xml,640,568,RGB,6d0edb73bcb24064dfb843d0204703d92c35bb411ed48bd0a822bb298819c85a,ship,1,1,0,True,,False
000216,JPEGImages\000216.jpg,Annotations\000216.xml,449,593,RGB,f6f129967f9e0b08fb850054475b29289c60578741aa14668c69abe325c53280,ship,1,1,0,True,,False
000217,JPEGImages\000217.jpg,Annotations\000217.xml,449,593,RGB,f6f129967f9e0b08fb850054475b29289c60578741aa14668c69abe325c53280,ship,1,1,0,True,,False
000218,JPEGImages\000218.jpg,Annotations\000218.xml,285,177,RGB,47df8eff669ade5b5b2239811690287e1dc3bcb5cd0713b77dd16cb75cbe43cf,ship,1,1,0,True,,False
000219,JPEGImages\000219.jpg,Annotations\000219.xml,300,168,RGB,2c4f1b22bcd5e6dd3c2354cbff207a729517e94599d3c8b2e893914b464c5686,ship,1,1,0,True,,False
000220,JPEGImages\000220.jpg,Annotations\000220.xml,266,189,RGB,de586bcbb89d20a762ace4ad594f73526c32eed3ca7d6fa907ce1209ef3da026,ship,1,1,0,True,,False
000221,JPEGImages\000221.jpg,Annotations\000221.xml,286,176,RGB,77867eb7135501a2637e1694d9492182723588b34998eee4e33530d5b124d051,ship,1,1,0,True,,False
000223,JPEGImages\000223.jpg,Annotations\000223.xml,279,180,RGB,c386cd892f4059c7f262558888b897095e6c3611828d96ca296fc6dfcaa8beea,ship,1,1,0,True,,False
000225,JPEGImages\000225.jpg,Annotations\000225.xml,222,227,RGB,597f3b752feef792b57cfcc68aa132992976028cd34cebe583c83b837c676fd4,ship,1,1,0,True,,False
000226,JPEGImages\000226.jpg,Annotations\000226.xml,423,119,RGB,8bea9895deecf0474f61b3ca9dc05dada7c38007fd6e159c01cd4a6dba7e2185,ship,1,1,0,True,,False
000227,JPEGImages\000227.jpg,Annotations\000227.xml,263,191,RGB,501007ac4cbe78730c3f73bb1b878ebbe9844b29427f46e3026f6153b619b48b,ship,1,1,0,True,,False
000228,JPEGImages\000228.jpg,Annotations\000228.xml,236,214,RGB,f91cc5b86a64756f0f345ffb024d9799994701de7bece13376c1edea6f5a7573,ship,1,1,0,True,,False
000229,JPEGImages\000229.jpg,Annotations\000229.xml,269,187,RGB,edad0d7820cb585c3d91ebf3d9b601089d3565fdb03ce39cffae7b66c35e3962,ship,1,1,0,True,,False
000231,JPEGImages\000231.jpg,Annotations\000231.xml,252,176,RGB,e100d88764541b229db54574ce9520896e0af46ad34e9692cfe8dde6c6207d65,ship,1,1,0,True,,False
000232,JPEGImages\000232.jpg,Annotations\000232.xml,174,290,RGB,5f0f2a296c03d0807922b1fcbfbb7d012a3c51316b7ddff457eeccf48afb1eb2,ship,1,1,0,True,,False
000233,JPEGImages\000233.jpg,Annotations\000233.xml,174,290,RGB,5f0f2a296c03d0807922b1fcbfbb7d012a3c51316b7ddff457eeccf48afb1eb2,ship,1,1,0,True,,False
000234,JPEGImages\000234.jpg,Annotations\000234.xml,237,212,RGB,efd1ddafc457065faac399971bc4f1afb4d7bf00a09627bad3f73f0c27369fb8,ship,1,1,0,True,,False
000235,JPEGImages\000235.jpg,Annotations\000235.xml,268,188,RGB,075628c37d6789d86d609de4fbee5214af41b92712d94a80ebb5a0efe085281d,ship,1,1,0,True,,False
000237,JPEGImages\000237.jpg,Annotations\000237.xml,265,190,RGB,e46b349a2725dc3008c255245febd4929622491e9a3bc09ebb4314e53c92e191,ship,1,1,0,True,,False
000238,JPEGImages\000238.jpg,Annotations\000238.xml,271,186,RGB,d152d9e0fcea8f3ef27a345596d4a1adc9c161ea43ff81287329a094c5e052c1,ship,1,1,0,True,,False
000240,JPEGImages\000240.jpg,Annotations\000240.xml,274,184,RGB,2a2aab4e8fdb46a202c0b8450abc085527532d1bcf528012e95b46e22e0afe9a,ship,1,1,0,True,,False
000241,JPEGImages\000241.jpg,Annotations\000241.xml,300,168,RGB,849b61e1a4ae49e0155a2be7c1f20bda9d9feb511a696b2382efc47147c4b4be,ship,1,1,0,True,,False
000242,JPEGImages\000242.jpg,Annotations\000242.xml,303,167,RGB,f266612ac6602b18874cf4d6fa10070be010732ecb1a58d77602d3a764248235,ship,1,1,0,True,,False
000243,JPEGImages\000243.jpg,Annotations\000243.xml,218,232,RGB,3fefd0f847c02a9f782709d88839a1204094f8a2260e55c205d1bc4fca128cc5,ship,1,1,0,True,,False
000244,JPEGImages\000244.jpg,Annotations\000244.xml,255,197,RGB,8d3a15bc36c66d38fb03134924ab8df1f9ed2f81a8d2b5b6dd0c84dc5ff6febb,ship,1,1,0,True,,False
000246,JPEGImages\000246.jpg,Annotations\000246.xml,281,179,RGB,2efd54c33dbc1898b12a90ba59578fca1271e353f907dc60033e56b71085280c,ship,1,1,0,True,,False
000247,JPEGImages\000247.jpg,Annotations\000247.xml,300,168,RGB,0e1414e596f59f89b3a3ad84c33cfdf6974f56db45ecda3db06d88b60663dc2d,ship,1,1,0,True,,False
000252,JPEGImages\000252.jpg,Annotations\000252.xml,225,225,RGB,fe6a4e7517f784fa620024ff169960601c6bfc97c0381006fb4519bf108a8cb8,ship,1,1,0,True,,False
000253,JPEGImages\000253.jpg,Annotations\000253.xml,215,150,RGB,fc7c0edba402aa6445d84449f7b70105cce81b67227881a7d889e3abc0e6d1cd,ship,1,1,0,True,,False
000254,JPEGImages\000254.jpg,Annotations\000254.xml,220,214,RGB,60515b132cf7c244799940744107367cba296c561ba08225fe0e87ed9ee61dda,ship,1,1,0,True,,False
000255,JPEGImages\000255.jpg,Annotations\000255.xml,222,227,RGB,597f3b752feef792b57cfcc68aa132992976028cd34cebe583c83b837c676fd4,ship,1,1,0,True,,False
000256,JPEGImages\000256.jpg,Annotations\000256.xml,321,157,RGB,e1533b49d1740b0a882f6a10c25efde5303ddbc39758657496f2f726e0df95bf,ship,1,1,0,True,,False
000258,JPEGImages\000258.jpg,Annotations\000258.xml,259,194,RGB,cafd608be56f4af21f49ab758ff8889d33b3537eb21435b022ad55d72a178818,ship,1,1,0,True,,False
000259,JPEGImages\000259.jpg,Annotations\000259.xml,216,234,RGB,de489731bcf3a22434c2f26d61328f469eaa8d9a1f7648064117872326fbbb9d,ship,1,1,0,True,,False
000261,JPEGImages\000261.jpg,Annotations\000261.xml,275,183,RGB,3a27b544fd115c961bf88c383f1ac511b7fdc07402f78b9f311274df0e9b4bf1,ship,1,1,0,True,,False
000262,JPEGImages\000262.jpg,Annotations\000262.xml,212,238,RGB,2c2cc2be4252ec387e9c9608bb9dc89b475e1c720cf98d3164d9b6ba8c4db749,ship,1,1,0,True,,False
000264,JPEGImages\000264.jpg,Annotations\000264.xml,295,171,RGB,c3beaa5b33f148b263d0df619ff0b8fac7674bc993cfe00011ed8c898e4b94e4,ship,1,1,0,True,,False
000267,JPEGImages\000267.jpg,Annotations\000267.xml,318,159,RGB,c3eeff2bc5b6a87baf6d4176bca5e4412ea8b9a8160723a8522a89de3e9b6202,ship,1,1,0,True,,False
000268,JPEGImages\000268.jpg,Annotations\000268.xml,178,283,RGB,4acc4fd06064b0cd51e42950b0ed22d632caa77d27240737f258406ce520f39f,ship,1,1,0,True,,False
000269,JPEGImages\000269.jpg,Annotations\000269.xml,234,216,RGB,d571c4fed6fb23c77c25011136821d9eca4cc1ed10a8ad5e59ce98cc599c36cf,ship,1,1,0,True,,False
000270,JPEGImages\000270.jpg,Annotations\000270.xml,274,184,RGB,30af90cdcc3d4e9123c72ea22647b11b5d1be0cbd2f0fe6d8243cf7681dc20c3,ship,1,1,0,True,,False
000271,JPEGImages\000271.jpg,Annotations\000271.xml,187,199,RGB,dae66ee749f9799ccf7904ee2b650aabebd5b55cc11287f61b91dfa7cc48694f,ship,1,1,0,True,,False
000274,JPEGImages\000274.jpg,Annotations\000274.xml,288,175,RGB,2f1a272bbbcb30e8588a62b453bf5b47cfdbee24ce90a22a5f3a85f1fed3a25e,ship,1,1,0,True,,False
000276,JPEGImages\000276.jpg,Annotations\000276.xml,302,167,RGB,94d20a8d84b8488060a70d6361abc6024291ba8c334bee568861b9f1c61b5741,ship,1,1,0,True,,False
000278,JPEGImages\000278.jpg,Annotations\000278.xml,234,216,RGB,d571c4fed6fb23c77c25011136821d9eca4cc1ed10a8ad5e59ce98cc599c36cf,ship,1,1,0,True,,False
000279,JPEGImages\000279.jpg,Annotations\000279.xml,292,172,RGB,8981989ec89cce539c29466efe8726520371becb5ce399909c7af8d84b626b92,ship,1,1,0,True,,False
000281,JPEGImages\000281.jpg,Annotations\000281.xml,383,132,RGB,4650f554f0cef5e6f335ff87063ce90e4687bbc20d4bab93e34811dd86ee83a3,ship,1,1,0,True,,False
000282,JPEGImages\000282.jpg,Annotations\000282.xml,273,184,RGB,6112a98e0b3eb5bd61f8b75224de76f81c2bd7bd8e75d54a14a0ce886d5c75ab,ship,2,2,0,True,,False
000283,JPEGImages\000283.jpg,Annotations\000283.xml,320,157,RGB,6603b2c1943a444325d58d6cbdac0c5a457f40e985c5a028d12a784189f45bc4,ship,2,2,0,True,,False
000284,JPEGImages\000284.jpg,Annotations\000284.xml,254,198,RGB,d8f78968e154b79df606d80bd85f5c001c16e0d62f6c5b0db06fbbd5cc3e4dd0,ship,1,1,0,True,,False
000285,JPEGImages\000285.jpg,Annotations\000285.xml,218,232,RGB,ed4101dd1c0be81b4f6d482e303c10f0d9d3b567b2a66a463e362c0625fe56d0,ship,1,1,0,True,,False
000286,JPEGImages\000286.jpg,Annotations\000286.xml,335,150,RGB,7905a30cc03fb9daf12e7f9e246aa0cad288546985fd1e736505aae59864672f,ship,1,1,0,True,,False
000287,JPEGImages\000287.jpg,Annotations\000287.xml,266,189,RGB,36c064213281aeb14e73e2954948eb695b691f9750a67eb0a577f4cc69415208,ship,1,1,0,True,,False
000288,JPEGImages\000288.jpg,Annotations\000288.xml,249,202,RGB,0cff63fbd4bc1f8c4a37dc36a2c78f1d0860d9a8a9cea1b5abd48df5890b0fcb,ship,1,1,0,True,,False
000289,JPEGImages\000289.jpg,Annotations\000289.xml,275,183,RGB,1795cc2e1ccbc62db3cbef1b0da6f1617800c23345da18648c880f528a8b7e43,ship,1,1,0,True,,False
000290,JPEGImages\000290.jpg,Annotations\000290.xml,281,179,RGB,7010247c7587f4f74a52c6f096162ccb581ec7b651ba3d8246cf5aa5eccc03b9,ship,1,1,0,True,,False
000291,JPEGImages\000291.jpg,Annotations\000291.xml,304,166,RGB,710dfa898c15549e2e19b1b5766388c693b30c0ccdae3b70d4344a19f51b8052,ship,1,1,0,True,,False
000292,JPEGImages\000292.jpg,Annotations\000292.xml,204,247,RGB,214f572adddfe6575b1de9d87f470e8b50bb88e7f6a51f64060c188b279c0109,ship,1,1,0,True,,False
000294,JPEGImages\000294.jpg,Annotations\000294.xml,352,368,RGB,1e8bed70685240188494ae261bc8c0faa87665fcf9b67569124a51c7797a1cc4,ship,1,1,0,True,,False
000295,JPEGImages\000295.jpg,Annotations\000295.xml,509,455,RGB,4a133229376dc242a26b24d7ac5fb6be637e06556f3c46ff5d5ea14ac02ec93e,ship,1,1,0,True,,False
000298,JPEGImages\000298.jpg,Annotations\000298.xml,600,450,RGB,79161d6e6f31749d2adf1549c558e7394d1be7aab83bdd764151e0895ac7cceb,ship,1,1,0,True,,False
000302,JPEGImages\000302.jpg,Annotations\000302.xml,1280,720,RGB,3bd6fba06627a28bbe35a6846a0ed2f1853b00999e5b9de4f27d96ac9c17a7ff,ship,1,1,0,True,,False
000306,JPEGImages\000306.jpg,Annotations\000306.xml,600,800,RGB,09be9f0ee101d0a8316ee33f11c2e0a4a723e523c4943ab827cf67295e763c2c,ship,1,1,0,True,,False
000307,JPEGImages\000307.jpg,Annotations\000307.xml,1200,912,RGB,64c0572d042ef398b446205ed6a691322b1f18a0764000f038e2c3312ce8a939,ship,1,1,0,True,,False
000308,JPEGImages\000308.jpg,Annotations\000308.xml,850,464,RGB,331f384a2a3073646a1a9777666f30edc20bb05a6bdbf7d04d51c7b9206211d5,ship,1,1,0,True,,False
000311,JPEGImages\000311.jpg,Annotations\000311.xml,2000,1731,RGB,9ab13edd3d99de8e513e0c4bddb8c7ff9b9123e1fff2828669b58777d28a3785,ship,1,1,0,True,,False
000312,JPEGImages\000312.jpg,Annotations\000312.xml,545,539,RGB,f459cb5b893f15f365b57e8d5692719e121a6213487194ca168bec5592eb01f8,ship,1,1,0,True,,False
000313,JPEGImages\000313.jpg,Annotations\000313.xml,1024,576,RGB,88def1d4e649eba425fe7ba04efd53ff63d748e0a620bcc66a0122a3ab89e750,ship,1,1,0,True,,False
000314,JPEGImages\000314.jpg,Annotations\000314.xml,1001,631,RGB,8fa2e36897dbf8d0fa83b423d0dcf794bda70a7e4a1503d051481547734a4c6a,ship,1,1,0,True,,False
000315,JPEGImages\000315.jpg,Annotations\000315.xml,701,345,RGB,67bdaa3654f2bff60188bf16cf4e9392d440e212476b7e188fa551f38c7c7bd5,ship,1,1,0,True,,False
000316,JPEGImages\000316.jpg,Annotations\000316.xml,860,485,RGB,24993fdbcc78f12a9e4c867c8e936e856b9de9ed266019630de27c708c8d38aa,ship,1,1,0,True,,False
000317,JPEGImages\000317.jpg,Annotations\000317.xml,800,800,RGB,cd160f8ca6c5816a837f26962c3837935da5f6aab2c347c2cc2b5999aea6de2a,ship,1,1,0,True,,False
000319,JPEGImages\000319.jpg,Annotations\000319.xml,800,732,RGB,78e93d07e01c86a6b16fea08bdfd8872a0f1acdaca3286cc7857a48b58eb6706,ship,1,1,0,True,,False
000320,JPEGImages\000320.jpg,Annotations\000320.xml,528,274,RGB,9c62eaef2772d43f9003d7f8ac25ff08335008e9c140233414b2f7d939f62e0f,ship,1,1,0,True,,False
000321,JPEGImages\000321.jpg,Annotations\000321.xml,434,526,RGB,abf0b99b3cdf2b1db092c8dd5763809a00409b0eb24f40df0e7c8ef45aee17ed,ship,1,1,0,True,,False
000322,JPEGImages\000322.jpg,Annotations\000322.xml,435,1600,RGB,ec54de2f7b7c5f9c66b7513b67e2a529863d0520678ab3b37e4da2773771f2c6,ship,1,1,0,True,,False
000323,JPEGImages\000323.jpg,Annotations\000323.xml,352,450,RGB,4fc0ef398f44bf5dd3316ad00b66f0d986504a35f8a7c6d592182b9c2c64c35a,ship,1,1,0,True,,False
000324,JPEGImages\000324.jpg,Annotations\000324.xml,800,852,RGB,b5a5ac77fa59c0a2b2ef7646fa2c12ff2492d5f018614c966a208104a90a4ee4,ship,1,1,0,True,,False
000325,JPEGImages\000325.jpg,Annotations\000325.xml,358,224,RGB,469b18c763b439a84847c27683f1f9d3d754103b62d85e7ee890743fc621c4c0,ship,1,1,0,True,,False
000326,JPEGImages\000326.jpg,Annotations\000326.xml,356,364,RGB,76b095dd9fe5a094747ff16c05e8de9ee8a33533cc08f030b0e40b0b2facce26,ship,1,1,0,True,,False
000327,JPEGImages\000327.jpg,Annotations\000327.xml,622,1026,RGB,0668ed6e0315659beebe0672956089f8a5b33c6bcdc0b5d30b881377d8dc135c,ship,1,1,0,True,,False
000328,JPEGImages\000328.jpg,Annotations\000328.xml,870,290,RGB,0e28502b1eaf087bc386fb41491731c61f71c13bcdb5232427c300a153aa66d4,ship,1,1,0,True,,False
000329,JPEGImages\000329.jpg,Annotations\000329.xml,285,204,RGB,a82f8ea30bab4ad8b6a145f346d21ce920970e097b9f44e3980c216025ce7da0,ship,1,1,0,True,,False
000330,JPEGImages\000330.jpg,Annotations\000330.xml,355,500,RGB,2beb3c529f8a4d8f227219c44cbe2b960b1fad8db5a73aead9b22b969cd770f7,ship,1,1,0,True,,False
000331,JPEGImages\000331.jpg,Annotations\000331.xml,800,592,RGB,da39e06489403c7ed9987b051071fb933fb533495e5347a4ee34e4eda6f8feb2,ship,1,1,0,True,,False
000333,JPEGImages\000333.jpg,Annotations\000333.xml,512,280,RGB,067e7d0244874780ec0f81d30870cbe1eb5c91fefecfb01687a861273e703aab,ship,1,1,0,True,,False
000335,JPEGImages\000335.jpg,Annotations\000335.xml,434,299,RGB,de6e0cd6419722e3d92b231931d4b0e4181c7e756e4d270ac5f728ecc80a537a,ship,1,1,0,True,,False
000336,JPEGImages\000336.jpg,Annotations\000336.xml,512,358,RGB,48abafa09cb43e9e9f1bcefdbf4d2bc068bbcc2750ce975a6cfb40b762b69efc,ship,1,1,0,True,,False
000339,JPEGImages\000339.jpg,Annotations\000339.xml,512,358,RGB,48abafa09cb43e9e9f1bcefdbf4d2bc068bbcc2750ce975a6cfb40b762b69efc,ship,1,1,0,True,,False
000340,JPEGImages\000340.jpg,Annotations\000340.xml,512,358,RGB,48abafa09cb43e9e9f1bcefdbf4d2bc068bbcc2750ce975a6cfb40b762b69efc,ship,1,1,0,True,,False
000341,JPEGImages\000341.jpg,Annotations\000341.xml,402,250,RGB,01436ef56a71b9bcb9b7b46a9d2d244313e221ba427beb585fa898843175c382,ship,1,1,0,True,,False
000342,JPEGImages\000342.jpg,Annotations\000342.xml,512,249,RGB,70701a17b362669346670089c81b75f22eabe692716ad0303e6bded9c31ee426,ship,1,1,0,True,,False
000343,JPEGImages\000343.jpg,Annotations\000343.xml,512,358,RGB,48abafa09cb43e9e9f1bcefdbf4d2bc068bbcc2750ce975a6cfb40b762b69efc,ship,1,1,0,True,,False
000344,JPEGImages\000344.jpg,Annotations\000344.xml,512,244,RGB,99bdbd8a2e13e2df30301a8fea0e80105f46d97b824edd3b864116b88c605157,ship,1,1,0,True,,False
000345,JPEGImages\000345.jpg,Annotations\000345.xml,512,280,RGB,067e7d0244874780ec0f81d30870cbe1eb5c91fefecfb01687a861273e703aab,ship,1,1,0,True,,False
000346,JPEGImages\000346.jpg,Annotations\000346.xml,371,512,RGB,779447d1327dc4d6094d549590dcbcad2ce4e748e2d052d29e6bedfe6a546e71,ship,1,1,0,True,,False
000348,JPEGImages\000348.jpg,Annotations\000348.xml,512,310,RGB,e12f876f4c26dd394c24b3534c3088f202761efa7fe986ad533fbde4d93eb702,ship,1,1,0,True,,False
000349,JPEGImages\000349.jpg,Annotations\000349.xml,512,249,RGB,70701a17b362669346670089c81b75f22eabe692716ad0303e6bded9c31ee426,ship,1,1,0,True,,False
000351,JPEGImages\000351.jpg,Annotations\000351.xml,512,244,RGB,99bdbd8a2e13e2df30301a8fea0e80105f46d97b824edd3b864116b88c605157,ship,1,1,0,True,,False
000352,JPEGImages\000352.jpg,Annotations\000352.xml,310,440,RGB,9a4c17016a9d4a4d26e1315391ae98b52d656c2f861a495bff8ff71b765acf4a,ship,1,1,0,True,,False
000353,JPEGImages\000353.jpg,Annotations\000353.xml,512,310,RGB,e12f876f4c26dd394c24b3534c3088f202761efa7fe986ad533fbde4d93eb702,ship,1,1,0,True,,False
000354,JPEGImages\000354.jpg,Annotations\000354.xml,512,280,RGB,067e7d0244874780ec0f81d30870cbe1eb5c91fefecfb01687a861273e703aab,ship,1,1,0,True,,False
000356,JPEGImages\000356.jpg,Annotations\000356.xml,512,310,RGB,e12f876f4c26dd394c24b3534c3088f202761efa7fe986ad533fbde4d93eb702,ship,1,1,0,True,,False
000357,JPEGImages\000357.jpg,Annotations\000357.xml,371,512,RGB,779447d1327dc4d6094d549590dcbcad2ce4e748e2d052d29e6bedfe6a546e71,ship,1,1,0,True,,False
000358,JPEGImages\000358.jpg,Annotations\000358.xml,512,244,RGB,99bdbd8a2e13e2df30301a8fea0e80105f46d97b824edd3b864116b88c605157,ship,1,1,0,True,,False
000359,JPEGImages\000359.jpg,Annotations\000359.xml,512,162,RGB,51edb6c90b26e68b3f8f38e8368e0ac68c06fdc280143cb108bfa4bddd2555d3,ship,1,1,0,True,,False
000360,JPEGImages\000360.jpg,Annotations\000360.xml,512,441,RGB,89fd82b192d5ff20bdf6d2e7a7ebd950f0aba1a09ab897775f15714583127f34,ship,1,1,0,True,,False
000361,JPEGImages\000361.jpg,Annotations\000361.xml,187,199,RGB,ade4bec670d837045fb43a02dd469609c25eca8fe34af7a51435b46bb554f6cc,ship,1,1,0,True,,False
000363,JPEGImages\000363.jpg,Annotations\000363.xml,582,676,RGB,f1ae8f67754a738688f62b949b3a08349cd9cb93ee614495490e184b42469a7a,ship,2,2,0,True,,False
000364,JPEGImages\000364.jpg,Annotations\000364.xml,444,289,RGB,224a577d4eb82e11862d3be13f80fae0eabf539058d39acb932e6415c0aedb2d,ship,1,1,0,True,,False
000365,JPEGImages\000365.jpg,Annotations\000365.xml,317,211,RGB,167136cb6e2401baa1a93b33637687d4a82be775289c272aa369596db058a607,ship,1,1,0,True,,False
000366,JPEGImages\000366.jpg,Annotations\000366.xml,410,230,RGB,f78b90951d9934c3179100afbfc1f234f5289fbc8347e45bdbe77ec529f8f7b9,ship,1,1,0,True,,False
000367,JPEGImages\000367.jpg,Annotations\000367.xml,1024,576,RGB,63c56a28a214d9c846883c9ec3a821ae4294c9b43af27a773a8a650f3a96e80c,ship,1,1,0,True,,False
000368,JPEGImages\000368.jpg,Annotations\000368.xml,218,232,RGB,ed4101dd1c0be81b4f6d482e303c10f0d9d3b567b2a66a463e362c0625fe56d0,ship,1,1,0,True,,False
000369,JPEGImages\000369.jpg,Annotations\000369.xml,374,135,RGB,7e55aba07717a38c85aa411f68ec0a8aafe201057915898b2ae7686fc09afec7,ship,1,1,0,True,,False
000370,JPEGImages\000370.jpg,Annotations\000370.xml,212,238,RGB,6695ba4e066a52fdef3ba6b43fec253b64ffb470279939b6f1019dc069c53189,ship,1,1,0,True,,False
000372,JPEGImages\000372.jpg,Annotations\000372.xml,268,188,RGB,075628c37d6789d86d609de4fbee5214af41b92712d94a80ebb5a0efe085281d,ship,1,1,0,True,,False
000373,JPEGImages\000373.jpg,Annotations\000373.xml,212,238,RGB,71ded3644c1052d99eaff57fb315c7165429f6c50e47d88eb3d0a3de002f5f15,ship,1,1,0,True,,False
000376,JPEGImages\000376.jpg,Annotations\000376.xml,697,597,RGB,dce9ce45869692b1eabe6d382322479869576b66665db00dfe387a1e070e17c6,ship,1,1,0,True,,False
000377,JPEGImages\000377.jpg,Annotations\000377.xml,665,762,RGB,d68e3c282189d98007cc3264bd6a1f2fdc9bbb71ad4aa6bb360fd3b139c0a373,ship,1,1,0,True,,False
000378,JPEGImages\000378.jpg,Annotations\000378.xml,479,828,RGB,80429b0404c98b58ed4428cb458bf2506326fc1c9ba580f808da292443bc51b7,ship,1,1,0,True,,False
000379,JPEGImages\000379.jpg,Annotations\000379.xml,1010,633,RGB,a8f97c81222205cbfe98dd6ecaa7c89a5e7c1f95e363eb7670e493850baceb3f,ship,1,1,0,True,,False
000381,JPEGImages\000381.jpg,Annotations\000381.xml,803,810,RGB,97711b31897b8d9ebe311d69acfb319e11085f61666b5f842875af723028aa28,ship,1,1,0,True,,False
000382,JPEGImages\000382.jpg,Annotations\000382.xml,687,743,RGB,45f8181ea34e26b569c9f5fa744ec7d1ba80e189582ad6d6700960d48e6bfa48,ship,1,1,0,True,,False
000383,JPEGImages\000383.jpg,Annotations\000383.xml,1453,740,RGB,bd56599624538cb8d4cef22ad5d30df02016ccb65cebb8a8ef6b20558c4a80c1,ship,1,1,0,True,,False
000384,JPEGImages\000384.jpg,Annotations\000384.xml,738,806,RGB,a71be60f80f77b06a000b2f17a62649c82ad3adf4d60793fb522971b46d7afa4,ship,1,1,0,True,,False
000385,JPEGImages\000385.jpg,Annotations\000385.xml,1017,521,RGB,53de70ea955a71ad899ebc0685d3ca4223d765468f610aebb0886122ae711627,ship,1,1,0,True,,False
000386,JPEGImages\000386.jpg,Annotations\000386.xml,522,557,RGB,93e6b633108f09e24d7c83542c42780dfff4a81e005c51a34e23c4387beb7980,ship,1,1,0,True,,False
000387,JPEGImages\000387.jpg,Annotations\000387.xml,528,538,RGB,a989e40f07405ebc55695aaae0dd813bb3d176cc73819ed050b182924d28adae,ship,1,1,0,True,,False
000388,JPEGImages\000388.jpg,Annotations\000388.xml,457,551,RGB,146036f0fbd6f42013fee55594a440bc7a04653e4f616dbb56a70ced7eb314e6,ship,1,1,0,True,,False
000389,JPEGImages\000389.jpg,Annotations\000389.xml,515,625,RGB,a1d289a851498153b626c07b3dd787b3c62364cc96f1fda957c26c0a591cc6c3,ship,1,1,0,True,,False
000390,JPEGImages\000390.jpg,Annotations\000390.xml,2000,795,RGB,1893c0fd9b169e48fde75f34d5b3df2e259aecfe3d89bd34f4ab9a33665c6e46,ship,1,1,0,True,,False
000392,JPEGImages\000392.jpg,Annotations\000392.xml,613,581,RGB,27c07df3ea97614296209a317c55d61bc960c705225757e2f11850b4e6f6182d,ship,1,1,0,True,,False
000393,JPEGImages\000393.jpg,Annotations\000393.xml,617,544,RGB,1a9f0da8ac8614fa737963631d86b9daebf57960beee9d23944685cde2af73ff,ship,1,1,0,True,,False
000394,JPEGImages\000394.jpg,Annotations\000394.xml,781,756,RGB,9f5e3271a56e39015310ed060145cd7976f811840b52d1916253df46edf699a1,ship,1,1,0,True,,False
000395,JPEGImages\000395.jpg,Annotations\000395.xml,586,772,RGB,4ca0557746cdf830a1b4b41a73e6588be5977b94d8158bf30010eb79b9e46a9c,ship,1,1,0,True,,False
000398,JPEGImages\000398.jpg,Annotations\000398.xml,715,629,RGB,4f48e2c7eca3d4193c19c0f26933d43dae187987ef27e5419dfdecf08c8f4ed6,ship,1,1,0,True,,False
000399,JPEGImages\000399.jpg,Annotations\000399.xml,659,830,RGB,aa6217240e718f0267171f40af1ab96e63433400efefcb50bff932a0b3d8afc9,ship,1,1,0,True,,False
000400,JPEGImages\000400.jpg,Annotations\000400.xml,866,742,RGB,199d8326fb40cf57fe3cf845cbe5f94c2d24dee036f497605b53e18453bc1ad5,ship,1,1,0,True,,False
000401,JPEGImages\000401.jpg,Annotations\000401.xml,188,154,RGB,cffffea7ee34e231f8250aa5d26d59e1fc4ab0070d4258aac6c5589ca3c0e6d8,ship,1,1,0,True,,False
000402,JPEGImages\000402.jpg,Annotations\000402.xml,1105,632,RGB,7f2202c712fc3c6ca76a997930548805e819afe128d5093cd381e5dbd2a28656,ship,1,1,0,True,,False
000403,JPEGImages\000403.jpg,Annotations\000403.xml,1176,648,RGB,93a7707dd52d66dc175445f6c1e3ee1359d86f64d3239e969232d73be5499ce3,ship,1,1,0,True,,False
000405,JPEGImages\000405.jpg,Annotations\000405.xml,812,539,RGB,41832494e400c1483e1e81ca2085476809e94a99bc952825611fb1ebb1b0d50a,ship,1,1,0,True,,False
000406,JPEGImages\000406.jpg,Annotations\000406.xml,965,682,RGB,e3cd7252929d211dc2e3acc6ea4adad510d2998ed8e47fc29274d3091a675f42,ship,1,1,0,True,,False
000408,JPEGImages\000408.jpg,Annotations\000408.xml,820,539,RGB,44c403c7e75f10afd2bbfedf5197e6611481f3e978e24e070ede315c32003d74,ship,1,1,0,True,,False
000409,JPEGImages\000409.jpg,Annotations\000409.xml,826,596,RGB,8a0d3a0edcc0fcb25a896ae7c1e19bda63db7b09d33d082438a59efc130154c3,ship,1,1,0,True,,False
000411,JPEGImages\000411.jpg,Annotations\000411.xml,408,394,RGB,b7dc12ac39955e087621a8216aeb2229d20470ba515c477f4d5b65f91d00b183,ship,1,1,0,True,,False
000412,JPEGImages\000412.jpg,Annotations\000412.xml,525,653,RGB,fee74427078c4793230cea3538d4280f307c851d962d8450bee5375252b7edf4,ship,1,1,0,True,,False
000413,JPEGImages\000413.jpg,Annotations\000413.xml,435,536,RGB,5250740d2734aa6c38624273c67b2306c53a3680d2da53462a2e97db1ec0996e,ship,1,1,0,True,,False
000414,JPEGImages\000414.jpg,Annotations\000414.xml,1136,473,RGB,8b67ad1c740aae5e6f7a5ea075d994cd340bc4831358bf33223b276ae7b63138,ship,1,1,0,True,,False
000415,JPEGImages\000415.jpg,Annotations\000415.xml,766,606,RGB,860de90cb75f4b6081b7e452e4f08c151b66f2c7ca5eb02dd246296170ce2cf7,ship,1,1,0,True,,False
000416,JPEGImages\000416.jpg,Annotations\000416.xml,545,746,RGB,74db6542d654d448ba2389ddf63fa4f877cb1555a30923df247db9aee7ac00db,ship,1,1,0,True,,False
000417,JPEGImages\000417.jpg,Annotations\000417.xml,776,766,RGB,4c2bdfe1475284092f2f2d5e0b8ed061d80fecf76e17eb0776a51613b84f9416,ship,1,1,0,True,,False
000418,JPEGImages\000418.jpg,Annotations\000418.xml,1080,533,RGB,684f080ff57e3869c00c9d9bb32a0809fcbe14e5d7cc47fba6dc7cf58cf81db9,ship,1,1,0,True,,False
000419,JPEGImages\000419.jpg,Annotations\000419.xml,568,409,RGB,a8046a8d6161de16ba971f85e3a07fb72f8acec9b9c2bc2b056efd37736e906d,ship,1,1,0,True,,False
000420,JPEGImages\000420.jpg,Annotations\000420.xml,408,588,RGB,21bd5ba90ea404cb71d34e60036a18f7aafdeec70b7f7b01c4681a44c0d52789,ship,1,1,0,True,,False
000422,JPEGImages\000422.jpg,Annotations\000422.xml,596,849,RGB,9b76d451af579b78d70f58e58c8c4ecc89fe525609443383e1e2bb750ebe7382,ship,1,1,0,True,,False
000431,JPEGImages\000431.jpg,Annotations\000431.xml,351,597,RGB,197d86d274361ac2d3ef59d410dd4e1d4078e14cddd9611dbbc818d910b3c9b8,ship,1,1,0,True,,False
000432,JPEGImages\000432.jpg,Annotations\000432.xml,579,715,RGB,c755da256ae2d7846618abc940ad1704856b67bbcc9099df16d94a0643b9f76c,ship,1,1,0,True,,False
000433,JPEGImages\000433.jpg,Annotations\000433.xml,1098,668,RGB,59c870ea0e6c15527ee528d80f50a86fd2c0dad401bddbaf329707ba16ba21f5,ship,1,1,0,True,,False
000434,JPEGImages\000434.jpg,Annotations\000434.xml,463,459,RGB,abd09b3cd07ce0c8a26a4440ac17573cdef99dd8cb96117bcf808347935edd35,ship,1,1,0,True,,False
000435,JPEGImages\000435.jpg,Annotations\000435.xml,699,277,RGB,41112681e50681a257072f94c28fef5d063113e0e2d42fc06b0b6f5dfd0741c3,ship,1,1,0,True,,False
000438,JPEGImages\000438.jpg,Annotations\000438.xml,1077,540,RGB,aef0e1c0d0f270f24dd601ca4061ffebbb76a723d6132cf6f88efdcf8c6d2805,ship,1,1,0,True,,False
000439,JPEGImages\000439.jpg,Annotations\000439.xml,452,430,RGB,5234091e7660ab26fb0ba9cbacb0d24de177bd17fd87fff5668e3b9fc54f3298,ship,1,1,0,True,,False
000440,JPEGImages\000440.jpg,Annotations\000440.xml,527,582,RGB,f9c33f6fba602788da55ceb2f5ad3f0350c3d6c3281bf7c586e4db21f4c2894a,ship,1,1,0,True,,False
000441,JPEGImages\000441.jpg,Annotations\000441.xml,966,570,RGB,535a38d340018e6b8425f53ffecd64e3ea1b8cea2a4bdb3b189da0b73ee3e0e3,ship,1,1,0,True,,False
000442,JPEGImages\000442.jpg,Annotations\000442.xml,696,636,RGB,0ccb425e27cdb92f305dfd683d127cf012935e32b36940160c98baa06acc2bc0,ship,2,2,0,True,,False
000443,JPEGImages\000443.jpg,Annotations\000443.xml,449,748,RGB,35e16e350fdb7485a5c190e76b479043b76ee7bccba445096036b87c30e23505,ship,1,1,0,True,,False
000444,JPEGImages\000444.jpg,Annotations\000444.xml,456,709,RGB,c2d48af6b1594c1c5d9e207482220c6a397a838cb57f30831666de0e393b077f,ship,1,1,0,True,,False
000445,JPEGImages\000445.jpg,Annotations\000445.xml,867,481,RGB,ed2b8f44694c6a6e7d31716227dc1b775300ce1d244375c5571c86d86d49e776,ship,1,1,0,True,,False
000446,JPEGImages\000446.jpg,Annotations\000446.xml,479,545,RGB,68f14d020c627aba3ba6332df809e97b0dfe96744699c0200c9a5bf221ab7a93,ship,1,1,0,True,,False
000447,JPEGImages\000447.jpg,Annotations\000447.xml,509,586,RGB,24185bf429d3ca7a13e400a7cb29742dfafa03304b66d788cae97880ed17550a,ship,1,1,0,True,,False
000450,JPEGImages\000450.jpg,Annotations\000450.xml,729,746,RGB,1e5eb7b629fbbf38eda44bee5508912ea6d5781411452e31f8185aeb347dea1d,ship,1,1,0,True,,False
000452,JPEGImages\000452.jpg,Annotations\000452.xml,395,416,RGB,7e3ea10ecd8901cfc7d34061967f8948dd255c503857e0de0f855094d66e9d85,ship,1,1,0,True,,False
000455,JPEGImages\000455.jpg,Annotations\000455.xml,468,606,RGB,a3d48d7da136165c9cab178efbbca837a1f39dcb8ab6d0a17fcffd7c3dc724b0,ship,1,1,0,True,,False
000456,JPEGImages\000456.jpg,Annotations\000456.xml,728,865,RGB,3965e5075c07a8b4326a91d43bbf7a0215b7d833c1ab68a7f327e7d0797020bc,ship,1,1,0,True,,False
000457,JPEGImages\000457.jpg,Annotations\000457.xml,607,621,RGB,1059932a8fbfa549994836532bb7167f193abc44bf23b553a7b5c852a374d120,ship,1,1,0,True,,False
000458,JPEGImages\000458.jpg,Annotations\000458.xml,632,724,RGB,3419296cd4e0095f7bc08d4dc4dce48de95707ee7a2fb5774cc9c282586e3ec3,ship,1,1,0,True,,False
000461,JPEGImages\000461.jpg,Annotations\000461.xml,659,691,RGB,25096f6212b89a11b9c38c084216431ceb28ce89fe727aff1a5728dfe5713d02,ship,1,1,0,True,,False
000462,JPEGImages\000462.jpg,Annotations\000462.xml,747,684,RGB,16562c9d42078ed554269e34ccf17209c44924b9346325522d9298253763fb59,ship,1,1,0,True,,False
000463,JPEGImages\000463.jpg,Annotations\000463.xml,502,766,RGB,a37667ceeef92171f120e15640a944d6e29bda7181873800372b042901916c11,ship,1,1,0,True,,False
000466,JPEGImages\000466.jpg,Annotations\000466.xml,356,713,RGB,401558a7ceb35527bfcf936568dbbac4f9259025ff0a4901f4e7cd742462cd02,ship,1,1,0,True,,False
000467,JPEGImages\000467.jpg,Annotations\000467.xml,522,862,RGB,6868e83ed6cf822fe68934a65940b690f908406ae258ead56ae9d9ba90a6c103,ship,1,1,0,True,,False
000468,JPEGImages\000468.jpg,Annotations\000468.xml,405,428,RGB,9e51089ad82eedce8da026640aa11566b9c4e00411e02b1891860337e3806879,ship,1,1,0,True,,False
000469,JPEGImages\000469.jpg,Annotations\000469.xml,658,359,RGB,b074b8c33c31dbd945f9087e8a568fe07bb14fe7a99bd325873a9741172056d0,ship,1,1,0,True,,False
000470,JPEGImages\000470.jpg,Annotations\000470.xml,690,681,RGB,46c8f876a381e0c11493e0672aae2055078bb2128bb42fe924200176c8e15f9d,ship,1,1,0,True,,False
000471,JPEGImages\000471.jpg,Annotations\000471.xml,620,888,RGB,d84151041a49406ea3a52f9ac65d3f3b3dfd5f5b38ccc86271a7dfe2e07e5f2a,ship,1,1,0,True,,False
000472,JPEGImages\000472.jpg,Annotations\000472.xml,603,704,RGB,653675808a0a7de50cda35532309df78988f73995c5e0f7171fdd45f6cc3022c,ship,1,1,0,True,,False
000473,JPEGImages\000473.jpg,Annotations\000473.xml,426,711,RGB,4c7163d40db550518a345a5606c9b55c3b3cfff723ce9641be4b10bc4f062c3f,ship,1,1,0,True,,False
000474,JPEGImages\000474.jpg,Annotations\000474.xml,714,619,RGB,1b9aa2f678a9608cf94589c1ee1c7f1d6f26f176092c673f172f27b5bd2109c4,ship,1,1,0,True,,False
000475,JPEGImages\000475.jpg,Annotations\000475.xml,659,493,RGB,465eb02e32457a2c0c91cec619b00495119bcdebddeddddef4e0c554d89945cc,ship,1,1,0,True,,False
000476,JPEGImages\000476.jpg,Annotations\000476.xml,608,883,RGB,0c30f4b51275433c524d838d72144ea60ef730f65c2cf71464298d636fac89d4,ship,1,1,0,True,,False
000477,JPEGImages\000477.jpg,Annotations\000477.xml,703,798,RGB,dbdfedc463c21466f85d48eeba5ec1a599e928ca003493a5b8e83a299ecbb10f,ship,1,1,0,True,,False
000478,JPEGImages\000478.jpg,Annotations\000478.xml,881,841,RGB,2f44ee0cdd7740c08028ec190902d41f5718bc759607a63e70160b5db2e037d9,ship,1,1,0,True,,False
000479,JPEGImages\000479.jpg,Annotations\000479.xml,1123,425,RGB,53973643d6e985afc97b6f83f8bc5f1867ff6e27bbc6509aaab16a2905328c32,ship,1,1,0,True,,False
000481,JPEGImages\000481.jpg,Annotations\000481.xml,1369,741,RGB,bb0ee1b28675ded76f9326f4046e2f74fce0454cefefcf1ab6e5ca6766bdea91,ship,1,1,0,True,,False
000482,JPEGImages\000482.jpg,Annotations\000482.xml,668,687,RGB,852592525aeee2ae351a89888a9d78140170155842b52ef8b3f9f9738ee2e541,ship,1,1,0,True,,False
000484,JPEGImages\000484.jpg,Annotations\000484.xml,923,499,RGB,deea3259942bd8d309da8a5208f8ab9cac083470ef5f14700f89e72ac6b16c34,ship,1,1,0,True,,False
000485,JPEGImages\000485.jpg,Annotations\000485.xml,840,404,RGB,b968c140ca03f65d3235607b742d125616b706be5cf79c1c6da2b3a0df3d4c9d,ship,1,1,0,True,,False
000486,JPEGImages\000486.jpg,Annotations\000486.xml,505,617,RGB,ac5e17bf2bba1c9f0cf50d7263bd09283e38d0440695dd3a856ca8a31b2f0958,ship,1,1,0,True,,False
000487,JPEGImages\000487.jpg,Annotations\000487.xml,740,361,RGB,425a1ff4b4457954424787c0a5bed65d13b6859c82477aa483eb411889521884,ship,1,1,0,True,,False
000488,JPEGImages\000488.jpg,Annotations\000488.xml,451,739,RGB,0969256f80734f72c2781152b02cb70b2a059671dafeb8014bfd99f77ddb15eb,ship,1,1,0,True,,False
000489,JPEGImages\000489.jpg,Annotations\000489.xml,534,829,RGB,56b0998a3d9fdeabe65bd0d476c888245bc0b476257685bc69d64de4797ec8dd,ship,1,1,0,True,,False
000490,JPEGImages\000490.jpg,Annotations\000490.xml,599,593,RGB,8383c8df41101044309cea8e7af1c852fee83493dca6e185856471353b0767cb,ship,1,1,0,True,,False
000491,JPEGImages\000491.jpg,Annotations\000491.xml,708,818,RGB,603b97a189da2d2f9efeeeeef973ef3e0d5ca3340f1dde87ccfd64ade9de1e42,ship,1,1,0,True,,False
000493,JPEGImages\000493.jpg,Annotations\000493.xml,388,565,RGB,86ee57e1e03cc49e3b1f43dc4a869d97cc89ef5bda3e0a33ac7c1c436b5307e1,ship,2,2,0,True,,False
000495,JPEGImages\000495.jpg,Annotations\000495.xml,481,574,RGB,b5de1f09bd9ec4f8c3b2119c0e1fc38008b93d43310ca24c9e7ba1a27a5612e2,ship,1,1,0,True,,False
000496,JPEGImages\000496.jpg,Annotations\000496.xml,345,474,RGB,490918f1aeee378fbae2fe07eef3de5f9528d5590aa1c750f93d834be70f2bbb,ship,1,1,0,True,,False
000497,JPEGImages\000497.jpg,Annotations\000497.xml,393,409,RGB,fa0c9265d146c8d60a4ab3767d48f04a849e9e9fa1b6375fa95d15f07a3dd8c7,ship,1,1,0,True,,False
000498,JPEGImages\000498.jpg,Annotations\000498.xml,660,811,RGB,1a13538d19f022a8b6caecbda963fc2ec477d9b6caf5057296e7823b29f1f666,ship,1,1,0,True,,False
000499,JPEGImages\000499.jpg,Annotations\000499.xml,591,576,RGB,b07ae019b8e2d96bce7b96b8e26c8debf36ddd4805b70396a9a59d179e9b802b,ship,1,1,0,True,,False
