duplicate_group,sha256,image_path,group_size
exact_dup_0001,022b79c8af8e3118966fbd06caa17404e56606d0373ad72c5e02b869111653c4,JPEGImages\000091.jpg,2
exact_dup_0001,022b79c8af8e3118966fbd06caa17404e56606d0373ad72c5e02b869111653c4,JPEGImages\000113.jpg,2
exact_dup_0002,067e7d0244874780ec0f81d30870cbe1eb5c91fefecfb01687a861273e703aab,JPEGImages\000333.jpg,3
exact_dup_0002,067e7d0244874780ec0f81d30870cbe1eb5c91fefecfb01687a861273e703aab,JPEGImages\000345.jpg,3
exact_dup_0002,067e7d0244874780ec0f81d30870cbe1eb5c91fefecfb01687a861273e703aab,JPEGImages\000354.jpg,3
exact_dup_0003,075628c37d6789d86d609de4fbee5214af41b92712d94a80ebb5a0efe085281d,JPEGImages\000235.jpg,2
exact_dup_0003,075628c37d6789d86d609de4fbee5214af41b92712d94a80ebb5a0efe085281d,JPEGImages\000372.jpg,2
exact_dup_0004,11e51c9205f95d8bf8f661e7da7639f00e68b5acbe025bda6f0831e790191416,JPEGImages\000093.jpg,2
exact_dup_0004,11e51c9205f95d8bf8f661e7da7639f00e68b5acbe025bda6f0831e790191416,JPEGImages\000115.jpg,2
exact_dup_0005,13c37d3efe8f911315b37f8ff9de9f7a2f9e8f777aa54a2f5fcbd1583974db5a,JPEGImages\000105.jpg,2
exact_dup_0005,13c37d3efe8f911315b37f8ff9de9f7a2f9e8f777aa54a2f5fcbd1583974db5a,JPEGImages\000127.jpg,2
exact_dup_0006,44e6b7f240a975a94ff52a359447fcf6da72fcd037fefeb0f638c729a8cb1410,JPEGImages\000092.jpg,2
exact_dup_0006,44e6b7f240a975a94ff52a359447fcf6da72fcd037fefeb0f638c729a8cb1410,JPEGImages\000114.jpg,2
exact_dup_0007,48abafa09cb43e9e9f1bcefdbf4d2bc068bbcc2750ce975a6cfb40b762b69efc,JPEGImages\000336.jpg,4
exact_dup_0007,48abafa09cb43e9e9f1bcefdbf4d2bc068bbcc2750ce975a6cfb40b762b69efc,JPEGImages\000339.jpg,4
exact_dup_0007,48abafa09cb43e9e9f1bcefdbf4d2bc068bbcc2750ce975a6cfb40b762b69efc,JPEGImages\000340.jpg,4
exact_dup_0007,48abafa09cb43e9e9f1bcefdbf4d2bc068bbcc2750ce975a6cfb40b762b69efc,JPEGImages\000343.jpg,4
exact_dup_0008,597f3b752feef792b57cfcc68aa132992976028cd34cebe583c83b837c676fd4,JPEGImages\000225.jpg,2
exact_dup_0008,597f3b752feef792b57cfcc68aa132992976028cd34cebe583c83b837c676fd4,JPEGImages\000255.jpg,2
exact_dup_0009,5ad466639c5faca19ff77caab7ad8c1c0c0cbb5eaaa6e8eff79499bfe3ec8052,JPEGImages\000095.jpg,2
exact_dup_0009,5ad466639c5faca19ff77caab7ad8c1c0c0cbb5eaaa6e8eff79499bfe3ec8052,JPEGImages\000117.jpg,2
exact_dup_0010,5f0f2a296c03d0807922b1fcbfbb7d012a3c51316b7ddff457eeccf48afb1eb2,JPEGImages\000232.jpg,2
exact_dup_0010,5f0f2a296c03d0807922b1fcbfbb7d012a3c51316b7ddff457eeccf48afb1eb2,JPEGImages\000233.jpg,2
exact_dup_0011,63c825c1a1e07e5e377b82cea39a20afcf1bcdd39755ac6a67977aca83113cfe,JPEGImages\000108.jpg,2
exact_dup_0011,63c825c1a1e07e5e377b82cea39a20afcf1bcdd39755ac6a67977aca83113cfe,JPEGImages\000130.jpg,2
exact_dup_0012,70701a17b362669346670089c81b75f22eabe692716ad0303e6bded9c31ee426,JPEGImages\000342.jpg,2
exact_dup_0012,70701a17b362669346670089c81b75f22eabe692716ad0303e6bded9c31ee426,JPEGImages\000349.jpg,2
exact_dup_0013,779447d1327dc4d6094d549590dcbcad2ce4e748e2d052d29e6bedfe6a546e71,JPEGImages\000346.jpg,2
exact_dup_0013,779447d1327dc4d6094d549590dcbcad2ce4e748e2d052d29e6bedfe6a546e71,JPEGImages\000357.jpg,2
exact_dup_0014,83f4418d59c5adf84047306d81dd125a455075bd0b25af44a3bf1f946ac42c8f,JPEGImages\000104.jpg,2
exact_dup_0014,83f4418d59c5adf84047306d81dd125a455075bd0b25af44a3bf1f946ac42c8f,JPEGImages\000126.jpg,2
exact_dup_0015,85261ff304047b7e0bd69ee3cc02fc6f666c9ab59e63a531a7bb788aa9186d95,JPEGImages\000109.jpg,2
exact_dup_0015,85261ff304047b7e0bd69ee3cc02fc6f666c9ab59e63a531a7bb788aa9186d95,JPEGImages\000131.jpg,2
exact_dup_0016,99bdbd8a2e13e2df30301a8fea0e80105f46d97b824edd3b864116b88c605157,JPEGImages\000344.jpg,3
exact_dup_0016,99bdbd8a2e13e2df30301a8fea0e80105f46d97b824edd3b864116b88c605157,JPEGImages\000351.jpg,3
exact_dup_0016,99bdbd8a2e13e2df30301a8fea0e80105f46d97b824edd3b864116b88c605157,JPEGImages\000358.jpg,3
exact_dup_0017,bdb856e6481bc71d7083dfd6bbe3adf740e9ff31d64f3110638d75c81f3f3e80,JPEGImages\000100.jpg,2
exact_dup_0017,bdb856e6481bc71d7083dfd6bbe3adf740e9ff31d64f3110638d75c81f3f3e80,JPEGImages\000122.jpg,2
exact_dup_0018,bedba296a6b02d755292cd0f3017b489959302ed9a015d64e234d79d9cb789ef,JPEGImages\000102.jpg,2
exact_dup_0018,bedba296a6b02d755292cd0f3017b489959302ed9a015d64e234d79d9cb789ef,JPEGImages\000124.jpg,2
exact_dup_0019,c72554815f91210fad44303b185fd59bfb5554fea6ddd3c873f2f0356a37c361,JPEGImages\000112.jpg,2
exact_dup_0019,c72554815f91210fad44303b185fd59bfb5554fea6ddd3c873f2f0356a37c361,JPEGImages\000134.jpg,2
exact_dup_0020,d571c4fed6fb23c77c25011136821d9eca4cc1ed10a8ad5e59ce98cc599c36cf,JPEGImages\000269.jpg,2
exact_dup_0020,d571c4fed6fb23c77c25011136821d9eca4cc1ed10a8ad5e59ce98cc599c36cf,JPEGImages\000278.jpg,2
exact_dup_0021,e12f876f4c26dd394c24b3534c3088f202761efa7fe986ad533fbde4d93eb702,JPEGImages\000348.jpg,3
exact_dup_0021,e12f876f4c26dd394c24b3534c3088f202761efa7fe986ad533fbde4d93eb702,JPEGImages\000353.jpg,3
exact_dup_0021,e12f876f4c26dd394c24b3534c3088f202761efa7fe986ad533fbde4d93eb702,JPEGImages\000356.jpg,3
exact_dup_0022,ed4101dd1c0be81b4f6d482e303c10f0d9d3b567b2a66a463e362c0625fe56d0,JPEGImages\000285.jpg,2
exact_dup_0022,ed4101dd1c0be81b4f6d482e303c10f0d9d3b567b2a66a463e362c0625fe56d0,JPEGImages\000368.jpg,2
exact_dup_0023,f6f129967f9e0b08fb850054475b29289c60578741aa14668c69abe325c53280,JPEGImages\000216.jpg,2
exact_dup_0023,f6f129967f9e0b08fb850054475b29289c60578741aa14668c69abe325c53280,JPEGImages\000217.jpg,2
exact_dup_0024,f78b90951d9934c3179100afbfc1f234f5289fbc8347e45bdbe77ec529f8f7b9,JPEGImages\000139.jpg,2
exact_dup_0024,f78b90951d9934c3179100afbfc1f234f5289fbc8347e45bdbe77ec529f8f7b9,JPEGImages\000366.jpg,2
exact_dup_0025,f7d3f6cf9ce9d3e20e6e47f0e3d32b371cc5af3c1b7e094aaab6197d15c17970,JPEGImages\000111.jpg,2
exact_dup_0025,f7d3f6cf9ce9d3e20e6e47f0e3d32b371cc5af3c1b7e094aaab6197d15c17970,JPEGImages\000133.jpg,2
